review,rating,date,bank,source
CBE á‹­áˆˆá‹«áˆá¢,5,2025-11-29,CBE,google_play
it's special for me,5,2025-11-29,CBE,google_play
Make it user friendly.,2,2025-11-29,CBE,google_play
maaliif daddafee install gaafata,3,2025-11-28,CBE,google_play
good app,5,2025-11-28,CBE,google_play
This application is very important and advantage for transfer of money and finance in the coutry and foriegn country.,5,2025-11-27,CBE,google_play
why didn't work this app?,1,2025-11-27,CBE,google_play
The app makes our life easier. Thank you CBE!,5,2025-11-27,CBE,google_play
this app very bad ğŸ‘,1,2025-11-27,CBE,google_play
the most advanced app. but how to stay safe?,5,2025-11-27,CBE,google_play
Good application,4,2025-11-27,CBE,google_play
It is nice app,5,2025-11-26,CBE,google_play
best,5,2025-11-25,CBE,google_play
"it suddenly asked me to enter the verification key I received. and it (*get your verification key from the nearest CBE Branch*) Now I'm in Australia, what do you expect me to do???! There is no nearest or furthermost cbe Branch!! SO FRUSTRATING! How can I manage my bank account now????",1,2025-11-25,CBE,google_play
nice app...,5,2025-11-25,CBE,google_play
very good banking service and fast service,5,2025-11-24,CBE,google_play
thanks blc this app help me to use all time,5,2025-11-24,CBE,google_play
good,5,2025-11-24,CBE,google_play
why we can't send money to other people telebirr wallets??,1,2025-11-24,CBE,google_play
áŠ á‰³ááˆ©áˆ áŒáŠ• áˆˆ15 birr 11.50 á‰¥áˆ­ áˆµá‰µá‰†áˆ­áŒ¡ á‹­áˆµá‰°áŠ«áŠ¨áˆáˆáŠ•,1,2025-11-23,CBE,google_play
á‰ áŒ£áˆ á‰€áˆ‹áˆáŠ“ áˆá‰¹ áŠá‹á¢,5,2025-11-23,CBE,google_play
wow,5,2025-11-23,CBE,google_play
nice,5,2025-11-22,CBE,google_play
you are the reason why i got ye chogara himem,1,2025-11-22,CBE,google_play
it is so smart app i recommend it for everyone,5,2025-11-22,CBE,google_play
excellent,5,2025-11-22,CBE,google_play
á‹³áŒŠ,5,2025-11-21,CBE,google_play
absolutely right,5,2025-11-21,CBE,google_play
mid application it's so annoying,3,2025-11-20,CBE,google_play
I used morethan one year,4,2025-11-20,CBE,google_play
no word can explane about this app it is nice ğŸ‘ğŸ‘ğŸ‘ğŸ‘ğŸ‘,5,2025-11-20,CBE,google_play
"It's great app,I love this app",5,2025-11-20,CBE,google_play
Nice,5,2025-11-19,CBE,google_play
suckkkks,1,2025-11-19,CBE,google_play
not allowing to transfer and showing current statement updates.,1,2025-11-19,CBE,google_play
I love you this app,5,2025-11-19,CBE,google_play
"fast and convenient app, thanks for your dedication as a bank to provide good options to your cuatomers.",1,2025-11-19,CBE,google_play
make life easy,5,2025-11-19,CBE,google_play
securr,5,2025-11-19,CBE,google_play
My most optional bank,5,2025-11-17,CBE,google_play
5 star,5,2025-11-17,CBE,google_play
it is fantastic app.,5,2025-11-16,CBE,google_play
sifen,5,2025-11-16,CBE,google_play
i like thisâˆš,4,2025-11-16,CBE,google_play
Ok,3,2025-11-16,CBE,google_play
áŒ¥áˆ© App áŠá‹‰ á¢ á‹¨áŠ” á‹¨áŒáˆ áŠ áˆµá‰°á‹«á‹¨á‰µ- Update á‹ˆá‹­áŠ•áˆ cache cleaning app áˆ²á‹°áˆ¨áŒ áˆˆáˆáŠ•á‹µáŠá‹‰ á‹°áŒáˆ˜áŠ• login áˆµáŠ“á‹°áˆ­áŒ Restricted áˆšá‹«á‹°áˆ­áŒˆá‹‰ á‰¢áˆµá‰°áŠ«áŠ¨áˆ áŠ¥áŠ•á‹° áˆ€áˆ³á‰¥ áŒ¥áˆ© áŠá‹‰á¢ á‰ á‹›áˆ‹á‹­ á‹µáŒ‹áˆš áŠ áŠ­á‰²á‰¬á‰µ áˆˆáˆ›áˆµá‹°áˆ¨áŒ áŠ¨ááˆˆáŠ• ..,5,2025-11-15,CBE,google_play
"Seriously, whatâ€™s going on with this app? The ""Pay to Beneficiary"" option is completely disabled for Android users, yet iOS users get full access without restrictions. Why are Android users being treated like second class customers? Itâ€™s the same app, the same service, but clearly not the same experience. This kind of platform bias is unacceptable, either give everyone the same features or be transparent about why youâ€™re limiting functionality. Right now, it just feels unfair and frustrating.",1,2025-11-15,CBE,google_play
Like,5,2025-11-13,CBE,google_play
Nice and very useful app i like it!,5,2025-11-13,CBE,google_play
Good,5,2025-11-13,CBE,google_play
smart app,4,2025-11-12,CBE,google_play
good App,5,2025-11-12,CBE,google_play
sync problem may 22 2025 but the date stack on may 8 2025 help pls,5,2025-11-12,CBE,google_play
ok,5,2025-11-11,CBE,google_play
cbe is my choice,4,2025-11-11,CBE,google_play
Awesome,5,2025-11-11,CBE,google_play
I am not able to transfer. The app is not responding,1,2025-11-11,CBE,google_play
Very convenient App,5,2025-11-11,CBE,google_play
excellent but sometimes can not connect,5,2025-11-10,CBE,google_play
wow apk,5,2025-11-10,CBE,google_play
best 100 %,5,2025-11-10,CBE,google_play
bad app,1,2025-11-10,CBE,google_play
best app,5,2025-11-10,CBE,google_play
nice app,5,2025-11-10,CBE,google_play
the app constantly glitches and won't stop loading despite having a decent connection and a cleared cache. telebirr is way better,1,2025-11-10,CBE,google_play
I can't access it properly I think it needs update,1,2025-11-10,CBE,google_play
ğŸ‘ŒğŸ‘Œ,5,2025-11-10,CBE,google_play
best ğŸ‘Œ,5,2025-11-10,CBE,google_play
not Refresh,2,2025-11-10,CBE,google_play
your statement is not used as wanted,1,2025-11-10,CBE,google_play
good very good,5,2025-11-09,CBE,google_play
this is absolute trash why because it's not Woking most time the servers are down even though I'm using 4g data Internet they steal not working they use to work with out even data package now it's trash can't even send money,1,2025-11-09,CBE,google_play
Bayeee galatooma kana caalati nu gammachisa ğŸŒğŸ¤ŒğŸ»ğŸ’´ğŸ’¸ğŸ¥°ğŸ‘ŒğŸ»ğŸ™ğŸ»,5,2025-11-08,CBE,google_play
Good !,5,2025-11-08,CBE,google_play
i like it,5,2025-11-08,CBE,google_play
Very nice app,5,2025-11-08,CBE,google_play
the app is not functional this week.,4,2025-11-08,CBE,google_play
very updated bank,5,2025-11-06,CBE,google_play
tankyu,5,2025-11-05,CBE,google_play
Numbers 2 and 3 don't write during pin verification.,5,2025-11-05,CBE,google_play
"once it is uninstalled, you need to visit a nearby bank. you go there and they ask you to have a new sim card which hasn't been used before. so you should buy a new sim card and you go back to them with a new sim card, when you reach there service provider says authentication pin is not arrive, the system is not working come back tomorrow.",1,2025-11-05,CBE,google_play
loved it,5,2025-11-05,CBE,google_play
this app is not working on my phone,5,2025-11-03,CBE,google_play
CBE needs to show transaction fees before the transaction is confirmed and not after. This is a big issue as fees are no longer insignificant.,3,2025-11-03,CBE,google_play
"After the recent updates, I am unable to download a receipt. I can't see the names of account holders I've previously transacted with. Very important. Please fix it asap.",1,2025-11-03,CBE,google_play
wow ğŸ˜˜ğŸ˜˜ğŸ˜˜,4,2025-11-02,CBE,google_play
mobile banking broblem,5,2025-11-01,CBE,google_play
good job,5,2025-11-01,CBE,google_play
it is a good and clear apps to use,4,2025-10-31,CBE,google_play
áˆˆáˆáŠ•á‹µáŠ• áŠá‹ áŠ¨áŠ•áŒá‹µ á‰£áŠ•áŠ­ á‹ˆá‹° á‰´áˆŒá‰¥áˆ­ 5 á‰¥áˆ­ áˆ²á‰°áˆ‹áˆˆá 11 á‰¥áˆ­ áŠ¥áŠ•á‹²á‰†áˆ­áŒ¥ á‹«á‹°áˆ¨áŒ‹á‰½áˆá‰µ,1,2025-10-31,CBE,google_play
I love this app b/c every option in the app very clear and supportive.,5,2025-10-30,CBE,google_play
niiceh,5,2025-10-29,CBE,google_play
the app is good but their is no dark mode you have to add it,3,2025-10-29,CBE,google_play
ğŸ¤®,1,2025-10-29,CBE,google_play
abdulakim abrahim elemoo,5,2025-10-29,CBE,google_play
strong,5,2025-10-28,CBE,google_play
Abebaw Zenebe,5,2025-10-28,CBE,google_play
good I love it keep it up but if we had a new update that will be fire Soo good,5,2025-10-27,CBE,google_play
Cbe,5,2025-10-27,CBE,google_play
Active and granted system,5,2025-10-27,CBE,google_play
fast app,4,2025-10-27,CBE,google_play
cool ğŸ˜,5,2025-10-27,CBE,google_play
Galaxy A10s,3,2025-10-26,CBE,google_play
the best apps,5,2025-10-26,CBE,google_play
arif app new,5,2025-10-26,CBE,google_play
laga Bari biranch,5,2025-10-26,CBE,google_play
áŠáŠáˆ áŠáˆ áˆ áŠáˆ áˆ áˆ áˆ áŠá‹¨áŠ,5,2025-10-26,CBE,google_play
I would like to suggest you improve the time out as it takes the money and doesn't return it back until the next day.,3,2025-10-25,CBE,google_play
Attractive,5,2025-10-25,CBE,google_play
mite,5,2025-10-24,CBE,google_play
useful,5,2025-10-24,CBE,google_play
"not good, not bad!",3,2025-10-23,CBE,google_play
very good,5,2025-10-23,CBE,google_play
áŠ¥áŒ…áŒ á‰ áŒ£áˆ áŠ áˆµá‰€á‹«áˆš áŒ á‰áŠ áˆ á‹˜áˆ¨á‹ á‰ áˆšá‰£áˆ á‹°áˆ­áŒƒ á‹¨ áŠ áŒˆáˆáŒáˆá‰µ á‹¨áˆšá‰€á‰ áˆ á‹«áˆáˆ°áˆ«á‰ á‰µáŠ• á‹¨áŒˆá‹› áŒˆáŠ•á‹á‰ á‰£á‰½áŠ•áŠ• á‰°á‹˜áˆ¨ááŠ• áŠ¨ 100á‰¥áˆ­ 10á‰¥áˆ­ á‹¨áŠ áŒˆáˆáŒáˆá‰µ áˆ›áˆµáŠ¨áˆáˆ áˆáŠ• áˆ›áˆˆá‰µ áŠá‹ áŠ¥á‰£áŠ«á‰½áˆ áŠ¥á‹©á‰µ áŠ¥áˆµá‰µá‹­ áŠ¨ áˆá‰£á‹­áˆ á‰£áŠ•áŠ­ á‹ˆá‹° ampsa áŠ áˆµá‰°áˆ‹áˆá‰áŠ“ áŠ¥á‹©á‰µ á‰ áŒ£áˆ á‹­áŒˆáˆ­áˆ›áˆ áˆŒá‰£ á‰¥á‹«á‰¸á‹‹áˆáˆ,1,2025-10-22,CBE,google_play
imp,5,2025-10-22,CBE,google_play
super fast app,5,2025-10-21,CBE,google_play
"The app has a nice design and useful features like balance check and transfers, but itâ€™s unstable and often fails to connect. It also forces users to turn off Developer Options, which is unnecessary â€” other banking apps work fine without that. Many people use Developer Mode for normal reasons. Please fix performance issues, remove this restriction, and add biometric login for better security and convenience",2,2025-10-19,CBE,google_play
cbe,4,2025-10-18,CBE,google_play
"it says ""ti is work any more in your device"" what can i do??",1,2025-10-18,CBE,google_play
blah blah blah,5,2025-10-18,CBE,google_play
bad áŒá‹´á‰³ áˆ˜áˆ†áŠ•áˆ,1,2025-10-17,CBE,google_play
CBE no.1,5,2025-10-17,CBE,google_play
"it's not work correctly when it's needed sometimes, but it works sometimes though",2,2025-10-16,CBE,google_play
its easy to use and more secured than the previous one. i love it and appreciate commercial bank of ethiopia for every time update.,5,2025-10-16,CBE,google_play
gooof,5,2025-10-16,CBE,google_play
"Suddenly the cbe application I was using stopped working and called callcenter, I was told it's because it expired and I should vist any branch to fix it. So I went to CBE Silassie branch.After filling a form they gave me, I sat down and waited until they finish fixing 2 customer's case who arrived before me. But then when it was my turn ppl who came after me with same mobile banking and even Atm card cases were finishing up and leaving I had to get back to my work so I left.with no service.why?",1,2025-10-16,CBE,google_play
Best app,5,2025-10-16,CBE,google_play
still not perfect like before,1,2025-10-15,CBE,google_play
This app dash board is disturbing me. it is not showing me traxation and my balance while displaying others option on dashboard. I think it is a risk full appğŸ˜­ğŸ˜­ğŸ˜­ğŸ¤¤ğŸ¤¤,1,2025-10-15,CBE,google_play
APPLIED,1,2025-10-14,CBE,google_play
10 years ago,4,2025-10-14,CBE,google_play
Asefa Obsa,5,2025-10-14,CBE,google_play
it's good app,5,2025-10-14,CBE,google_play
very slow,1,2025-10-14,CBE,google_play
berhan deriba wami,4,2025-10-14,CBE,google_play
mahamad Usman,5,2025-10-13,CBE,google_play
Erako,5,2025-10-13,CBE,google_play
ğŸ”¥ğŸ”¥ğŸ”¥ğŸ”¥ğŸ”¥,5,2025-10-13,CBE,google_play
opne,5,2025-10-13,CBE,google_play
mehommd nuri,5,2025-10-13,CBE,google_play
Best,5,2025-10-12,CBE,google_play
providing very secure service.,5,2025-10-12,CBE,google_play
apk áŠ áˆªá áŠá‹ áŒáŠ• á‰ áŒ£áˆ apkwun á‹¨áˆšáŠ¨áá‰± á‹¨ á‰£áŠ•áŠ­ áˆ°áˆ«á‰°áŠá‰½ á‰ áŒ£áˆ á‹°áŠ«áˆ› áŠ“á‰¸á‹ áˆ²á‹«áˆµá‰°áŠ“áŒá‹± áˆˆ á‹°áŠ•á‰ áŠ› áŠ­á‰¥áˆ­ á‹¨áˆ‹á‰¸á‹áˆ áŠ¥áŠ” áˆ˜áˆ˜áˆ‹áˆˆáˆµ áŠ¨áŒ€áˆ˜áˆ­áŠ© á‰†á‹¨á‹ áŒáŠ• áˆ˜áá‰µáˆ… áˆ‹áŒˆáŠ áŠ áˆá‰½áˆáŠ©áˆ ::,1,2025-10-12,CBE,google_play
á‹³áˆ­ áŠ‘áˆ® áˆ‹áˆˆá‹ áŠ£ááˆªá‰»áŠ• á‹,5,2025-10-12,CBE,google_play
RIYAD Mohammed Abaoli 92 527 2567,5,2025-10-12,CBE,google_play
it doesn't show bank statement and no options to see transactions for the past months.,2,2025-10-12,CBE,google_play
Mamma Husen,2,2025-10-11,CBE,google_play
3 stars because I can't see all my transaction history apart from the recents and a refresh button has been removed from the Recents activity. The app should allow clients to view all of the transactions not just recents.,3,2025-10-11,CBE,google_play
exceptional application from others bank,5,2025-10-10,CBE,google_play
"it is very nice. but i have a serious suggestion when you send to other cbe birr customer, it does not show the name of the recipient befor it actually send the money. please improve this",4,2025-10-10,CBE,google_play
goodğŸ‘ğŸ‘ğŸ‘ğŸ˜ŠğŸ˜ŠğŸ˜Š,5,2025-10-10,CBE,google_play
really good app,5,2025-10-10,CBE,google_play
smart bank CBE,5,2025-10-10,CBE,google_play
Ali urgesa11,3,2025-10-09,CBE,google_play
it's good,5,2025-10-09,CBE,google_play
Good apps,5,2025-10-09,CBE,google_play
password á‰ áŒ£á‰µ áŠ áˆ»áˆ« á‰¢áŠ–áˆ¨á‹ áˆ˜áˆáŠ«áˆ áŠá‰ áˆ­,4,2025-10-09,CBE,google_play
best app i ever seen,5,2025-10-09,CBE,google_play
it's game changing in financial system,4,2025-10-09,CBE,google_play
"z,MKT 20_._!8+â…“â…•ğŸ˜˜r",1,2025-10-09,CBE,google_play
will good updating,5,2025-10-09,CBE,google_play
"service charge , vat, fee everything here is not yours they wanna take what you have, everything is not fair",1,2025-10-08,CBE,google_play
why removing screenshot feature why?,2,2025-10-08,CBE,google_play
very good application! thank you all who participate!,5,2025-10-08,CBE,google_play
application bank commercial Ethiopia I am very happy to be able to appear in a great job on a pleasant job,5,2025-10-08,CBE,google_play
user compatible app!,5,2025-10-08,CBE,google_play
"I am trying to access this app on my Android phone, but sometimes doesn't work. so kindly try to improve it.",3,2025-10-07,CBE,google_play
what an amazing app. you know how much it simplify life. Thanks cbe. I proud of you.,5,2025-10-07,CBE,google_play
Our Commercial Bank of Ethiopia is Good !,5,2025-10-06,CBE,google_play
Asledin Ibsa,5,2025-10-06,CBE,google_play
terrible when showing history of transaction it shows in disorganised way,3,2025-10-05,CBE,google_play
my bank,5,2025-10-05,CBE,google_play
Data,5,2025-10-04,CBE,google_play
"lately I am facing a problem with the app ,and the problem is when log in and inter my pin it doesn't work at all and says 'can't sync' why does it say that I was working fine a few day ago and also it says when I enter my pin 'change your pin to 6 digit pin and it doesn't allow me to change it please solve what is the problem with the app ?",2,2025-10-04,CBE,google_play
excellent app with lots of features,5,2025-10-04,CBE,google_play
very good ğŸ‘ mobile banking,5,2025-10-04,CBE,google_play
so special,5,2025-10-04,CBE,google_play
wiiy ewdihiliw esimirt niho yitnehew metgeyot â¤ğŸ’ğŸ¤”ğŸ˜´ğŸ¤©ğŸ˜,1,2025-10-03,CBE,google_play
woow cbe,5,2025-10-03,CBE,google_play
cbe the best bank app,4,2025-10-03,CBE,google_play
This App CBE bank it's Simple and Smart I Like it.,5,2025-10-03,CBE,google_play
Rijalufaris,5,2025-10-02,CBE,google_play
its Best app But i hate the Repeatedly update request,5,2025-10-02,CBE,google_play
imoo,3,2025-10-02,CBE,google_play
"it was good since it become a robber the vat ,tax,service charge,unbelievable charge to send to other bank, monthly charge,etc i hope one international bank comes and we all leave this bank. enough is enough",1,2025-10-02,CBE,google_play
screen shoot always not allowed why?,5,2025-10-02,CBE,google_play
enkorabetalen,5,2025-10-01,CBE,google_play
Gamada mahamadi,1,2025-10-01,CBE,google_play
it is very good banking web but its network is sometimes busy i hope they willfix the problem,4,2025-09-30,CBE,google_play
verfcasencod,5,2025-09-30,CBE,google_play
you can't get your own transaction history,1,2025-09-29,CBE,google_play
sintu,5,2025-09-29,CBE,google_play
BEST,5,2025-09-28,CBE,google_play
Bank of Ethiopia,5,2025-09-28,CBE,google_play
"All most Good, but need improvement",5,2025-09-27,CBE,google_play
"Great application for me,So I would like to rate with Solid 5 star.That It works well overall. So hello everyone enjoy the apps",5,2025-09-27,CBE,google_play
poor app all of you guys delete CBE and download BOA,1,2025-09-27,CBE,google_play
niceapp,5,2025-09-27,CBE,google_play
the best app of all,5,2025-09-25,CBE,google_play
â¤ï¸,5,2025-09-25,CBE,google_play
"Most of the time when I try to open the app, it does not load. The circle keeps spinning as if it is trying to open, and get a message saying "" 2 attempts left for offline login"". This seems to mean that the app cannot connect to the internet, even though I have a stable internet connection, and all other stuff work properly.",2,2025-09-24,CBE,google_play
Juhaar,5,2025-09-24,CBE,google_play
I am using CBE app very fantastic.,5,2025-09-24,CBE,google_play
bist app tankyou,4,2025-09-23,CBE,google_play
this is very useful and consistent app,5,2025-09-23,CBE,google_play
"this application provides timely service in a good, fast and reliable manner.",5,2025-09-23,CBE,google_play
So good,5,2025-09-23,CBE,google_play
it will be more better if the app have the feature receipt verifying from QR CODE SCREENSHOT IMAGES FROM gallery ... currently IT WORKS ONLY FROM DIRECT CAMERA CAPTURING,4,2025-09-23,CBE,google_play
"From the UX perspective it can be better, it's old and it's not obvious where you can find some things",3,2025-09-22,CBE,google_play
It is amazing app but it is more better if it is possible to transfer from account to other telebirr,5,2025-09-22,CBE,google_play
"The app was great while it was active. However, after the app did an update, I lost connection with a message ""Network Error"". Please try to fix it as there are many clients of CBE using this app globally from abroad countries.",3,2025-09-21,CBE,google_play
very important app,4,2025-09-21,CBE,google_play
the best of all mobile banking in Ethiopia works perfectly fine,5,2025-09-21,CBE,google_play
DANTRO BAND!!!,5,2025-09-21,CBE,google_play
some time when make transfer from Mobile account to other cbebirr wallet no show customer name so please check it......thanks my cbe.. cbebirr application very nice application wallet,5,2025-09-20,CBE,google_play
this app is very useful but sometimes when you want to see specific transactions it didn't work so that way i gave 3,3,2025-09-20,CBE,google_play
why i must visit the branch i opened my account to activate the mobile banking services? if it a connected network it maybe done from any branch.,1,2025-09-20,CBE,google_play
áŠ áˆªá áŠá‹ áŠ áˆáŠ• á‹°áŒáˆ áŠ¥áˆµáŠ­áˆªáŠ• áˆ¹á‰µ áˆ›áˆ¨áŒ á‰ áˆ˜á‰»áˆŒ á‹°áŒá‰¥áˆáŠ›áˆ,5,2025-09-20,CBE,google_play
asfaw damse,5,2025-09-19,CBE,google_play
jabadhaa namatii tolataan,5,2025-09-19,CBE,google_play
"The App is very good in its interface and user friendly. But it could be a pro app had it had additional feature that let us run multiple accounts on a single phone with an option of ""additional"" account!",3,2025-09-19,CBE,google_play
The app is user friendly. But i want some amendment or include option of sending money to other tele birr like other cbe birr.,4,2025-09-18,CBE,google_play
Truly amazing!,5,2025-09-18,CBE,google_play
Doesn't have option to generate statement for transactions,3,2025-09-18,CBE,google_play
ğŸ˜,5,2025-09-18,CBE,google_play
JanaleBl,5,2025-09-17,CBE,google_play
nice application,5,2025-09-17,CBE,google_play
WaaaaaaaW,1,2025-09-17,CBE,google_play
very nice,5,2025-09-16,CBE,google_play
Of,5,2025-09-16,CBE,google_play
it's best app to use recently and upgraded day to day for internationalization,4,2025-09-16,CBE,google_play
Easy to use and not Complicated ğŸ‘,5,2025-09-15,CBE,google_play
apdat the app,5,2025-09-14,CBE,google_play
good in bankin at any time & any where.,5,2025-09-13,CBE,google_play
great,5,2025-09-13,CBE,google_play
"WHAT A USELESS APP! Transfers, wallet payments, other banks â€” nothing works. Updated, restarted, cleared cache, reinstalled â€” still useless. Crashed and forced me to visit a branch just to log in 3 times. One of the biggest banks in the country canâ€™t fix issues a junior developer could solve. Completely unreliable. Big bank , Zero functionality!",1,2025-09-13,CBE,google_play
it is best to me,1,2025-09-13,CBE,google_play
hayizgi mebrahtom feshay,5,2025-09-13,CBE,google_play
Excellent app,5,2025-09-12,CBE,google_play
after apdate the app doesn't work any thing else it said enable to connects,1,2025-09-12,CBE,google_play
love,5,2025-09-12,CBE,google_play
Hasasa bank,1,2025-09-11,CBE,google_play
All ways Trusted.,5,2025-09-11,CBE,google_play
best MB application in Ethiopia financial sector.,5,2025-09-11,CBE,google_play
I like this app,5,2025-09-11,CBE,google_play
am tired why I have to update every 5 day,1,2025-09-11,CBE,google_play
usb debugig mode bicha off endidereg axrigu like awash bank,1,2025-09-10,CBE,google_play
good morning ğŸ™,5,2025-09-10,CBE,google_play
am happy ğŸ˜ƒ,5,2025-09-09,CBE,google_play
wowww,5,2025-09-08,CBE,google_play
KEHRU nasir AbFIXA,5,2025-09-08,CBE,google_play
It is well organized.,5,2025-09-08,CBE,google_play
Can't see the nearest Branch or ATM available,2,2025-09-08,CBE,google_play
the app does not open,1,2025-09-07,CBE,google_play
from Monk,3,2025-09-06,CBE,google_play
"Amazing, Delightful and Seamless Mobile Banking Application, I have ever Experienced!! Indeed, I feel Great Proud to be part of your Stakeholder! My First Choice Bank, Commercial Bank of Ethiopia, The Pioneer and Leading in Digital Banking Services in Ethiopia! Five stars â­â­â­â­â­ are little to you! Thank you so muchğŸ™",5,2025-09-06,CBE,google_play
incredible,5,2025-09-06,CBE,google_play
á‹¨á‹šáˆ… áŠ á• á‰°áŒ á‰ƒáˆš áŠá‰ áˆ­áŠ© á‹«áˆˆáˆá‰µ áŠ¨áˆ€áŒˆáˆ­ á‹áŒ­ áŠá‹ áŠ¥áŠ“ áŠ¥á‹¨á‰°áŒ á‰€áˆáŠ©á‰ á‰µ áˆ³áˆˆ áŠ á‰¥á‹°á‰µ áŠ á‹µáˆ­áŒŠ áŠ áˆˆáŠ áˆ³áˆ¨áŒˆá‹ á“áˆµá‹ˆáˆ­á‹µ áŠ¥áŠ•á‹´ áŠ á‹µáˆµ áŒ á‹¨á‰€áŠ áŠ¥áŠ•á‹´á‹ áŠ¥áŠ” áŠ áˆˆáˆá‰ á‰µ áˆ€áŒˆáˆ­ áˆ†áŠ˜ áˆ˜áˆµá‰°áŠ«áŠ¨áˆ áŠ¨á‰»áˆˆ á‰°á‰£á‰ áˆ©áŠ á‰ áŒ£áˆ áŠ áˆµáˆáˆ‹áŒŠá‹¬ áŠá‹ ::,5,2025-09-06,CBE,google_play
it's the best money transfer app ever,5,2025-09-06,CBE,google_play
it is nice,5,2025-09-05,CBE,google_play
user friendly. best.,5,2025-09-05,CBE,google_play
ğŸ™,5,2025-09-05,CBE,google_play
áŠ áˆªá,5,2025-09-05,CBE,google_play
best app!!!,5,2025-09-05,CBE,google_play
"It is good app and really user friendly , but it not possible to start service after the app is uninstalled or device phone is changed. So please make it easy for us, after once you set us the requirements in your office we should have to use it only by install and launch it. We do not have to visit the near by branch office every time for such silly businesses but important things. in addition to that why is that for hidding senders name or account number How can I know who tranfers to me???",4,2025-09-05,CBE,google_play
very good app,5,2025-09-05,CBE,google_play
jabirabdala,5,2025-09-04,CBE,google_play
unfair cost of transportations... what a shame!!!,1,2025-09-04,CBE,google_play
"I think it is a good app to use easily. However, I have one more comment: the app does not automatically sync or update the balance in real time. Please review this issue. For example, when someone transfers money, the receiver's app does not sync automatically. It requires the user to manually initiate an update to see the current balance.",4,2025-09-04,CBE,google_play
WAW!!! I AM PROUD!!! MY STRONG BANK WORKS AT BEST EVEN IN A REMOTE LOCATION HERE IN MALABO (ECUATORIAL GUINEA). MEWOLID MUBARAK CBE!!!,5,2025-09-04,CBE,google_play
zinaa Ahmed,5,2025-09-04,CBE,google_play
absolutely excellent,5,2025-09-04,CBE,google_play
amazing app,5,2025-09-03,CBE,google_play
perfect and easy,5,2025-09-03,CBE,google_play
fastest,5,2025-09-03,CBE,google_play
My account is not working,4,2025-09-03,CBE,google_play
The recent update is not optimized fir latest version of android,2,2025-09-02,CBE,google_play
topp,5,2025-09-02,CBE,google_play
I appreciate it,5,2025-09-01,CBE,google_play
v.good app,5,2025-09-01,CBE,google_play
sahib amin jamal,1,2025-08-31,CBE,google_play
installi,5,2025-08-31,CBE,google_play
very good apps,5,2025-08-30,CBE,google_play
ğŸ‘ğŸ‘ğŸ‘ğŸ‘,1,2025-08-30,CBE,google_play
the app say it is not compatible with ur phone can u fix it it is not updating.,1,2025-08-30,CBE,google_play
"I would like to give you some feedback on Current update, its very nice and easy to useğŸ‘ but in some button there is still not improved For example while iwant to check my recent Txn it not well sequenced and arranged or some txn may not appear ... becouse of this i see many of users of this app discomferted maily merchants and those make High txn daily. improve and miximize the txn shown to 300 up to 500. make Searchable Recent txn button! All in all the bank i Relly on! CBE my bank !",5,2025-08-29,CBE,google_play
tinishu titiba,5,2025-08-29,CBE,google_play
"essy to use ,has great interface and user-friendly g",5,2025-08-29,CBE,google_play
Yuuuuu,5,2025-08-29,CBE,google_play
I found it very much friendly,5,2025-08-29,CBE,google_play
"Very useful app, while we use CBE.",5,2025-08-28,CBE,google_play
woooow,5,2025-08-28,CBE,google_play
Redmi,1,2025-08-28,CBE,google_play
áŠ áˆ­á áŠá‹ áŠáŒˆáˆ­ áŒáŠ• áˆ´á‰¥ á‹«áˆ¨áŒˆá‹áŠ• áŠ áŠ«á‹áŠ•á‰µ áŠ¥á‹«áŒ á‹á‰¥áŠ• áŠá‹,5,2025-08-28,CBE,google_play
kamil aweil,5,2025-08-28,CBE,google_play
In your next update can you come with night mode future,5,2025-08-27,CBE,google_play
"Truly, super competitive when compared to a well known app nowadays functioning broadly by simplest features and means namely known as Telebirr super app, Thus, CBE is my top ultimate choice that I prefer over the other bank due to its beautiful power of lead as a result I could recommend CBE to others because of its service provision via ethical principles and practice for customers satisfaction with existence of constraints and challenges face from burglary and froudalent hacker. Thank you !",5,2025-08-27,CBE,google_play
mayreba app you its better if you use other banks,1,2025-08-27,CBE,google_play
Not Prefect Transfer To Other Bank The Mony Not Deliverd Imidetliy Take Three Or Five Days,1,2025-08-27,CBE,google_play
let us know before you shut down the app,4,2025-08-27,CBE,google_play
excited,5,2025-08-27,CBE,google_play
amizing,5,2025-08-26,CBE,google_play
love it,5,2025-08-26,CBE,google_play
yes it is v good,5,2025-08-26,CBE,google_play
A great update in the Mobile Banking Application. Thanks for the System and customization department,5,2025-08-26,CBE,google_play
this app is smart.,5,2025-08-26,CBE,google_play
I am happy,5,2025-08-26,CBE,google_play
Still I have not face critical problems sometimes delay to open,4,2025-08-26,CBE,google_play
áŒ¤áŠ“ áŠ¨á‹µáˆ¨,5,2025-08-25,CBE,google_play
The connection between bank and the app is lag relationship this must be corrected.,4,2025-08-25,CBE,google_play
I have forgotten mobail banking password,5,2025-08-25,CBE,google_play
Thank you,5,2025-08-25,CBE,google_play
muktaar Abraahim,5,2025-08-25,CBE,google_play
ğŸ¤Good One,5,2025-08-24,CBE,google_play
why does it say change pin to 6 digits is that right?,4,2025-08-24,CBE,google_play
One of the worst mobile banking apps in Ethiopia. You can't access your txn record for more than 2 weeks.,1,2025-08-24,CBE,google_play
i like it and aprshat.,4,2025-08-23,CBE,google_play
"The app has some issues I updated recently and now I am not able to send funds to my telebirr wallet, also we need to have a place we save our contacts where we usually send money to, after update I keep loosing all the important accounts.",4,2025-08-23,CBE,google_play
best app and easy to use,5,2025-08-23,CBE,google_play
doesn't work unless with data doesn't refresh fast other wise functions ok but after the update transferring to telebirr is not working,2,2025-08-23,CBE,google_play
List of transactions can't load over months and years..,1,2025-08-23,CBE,google_play
transferring money to telebirr is not working,1,2025-08-23,CBE,google_play
I don't Like this app and there service fee is highl,5,2025-08-23,CBE,google_play
áŠ á‹²áˆ± Update áŒ¥áˆ© áŠ á‹­á‹°áˆˆáˆ. Update áŠ«á‹°áˆ¨áŒáŠ©á‰µ á‰ áŠ‹áˆ‹ áŠ¨á‹šáˆ… á‰ áŠá‰µ áˆµáˆ‹áˆ‹áŠ­á‰£á‰¸á‹ á‹¨áŠá‰ áˆ©á‰µáŠ• Save áŠ á‹µáˆ­áŒ á‹­á‹á‰µ á‹¨áŠá‰ áˆ¨á‹áŠ• áˆáˆ‰áŠ•áˆ á‹¨áˆ°á‹á‰½ áŠ áŠ«á‹áŠ•á‰¶á‰½ áŠ áŒ¥áá‰¶á‰¥áŠ›áˆ.,2,2025-08-23,CBE,google_play
this application do not show over all transaction history,3,2025-08-23,CBE,google_play
this app is very nice but statment history is very shiort atlist add 15 days,4,2025-08-23,CBE,google_play
ğŸ™ğŸ‘,5,2025-11-29,BOA,google_play
Very Good,5,2025-11-28,BOA,google_play
goof,5,2025-11-28,BOA,google_play
good!,5,2025-11-28,BOA,google_play
good jop,5,2025-11-27,BOA,google_play
bad exprience...it is so crushed,1,2025-11-27,BOA,google_play
not user friendly at all it requires a huge connectivity and also lags many times ğŸ˜‘ğŸ˜‘ğŸ˜‘,1,2025-11-26,BOA,google_play
áˆáŠ•áˆ á‹¨áˆ›á‹­ áˆ°áˆ«,1,2025-11-26,BOA,google_play
very good,5,2025-11-25,BOA,google_play
most of the time is not working properly,1,2025-11-25,BOA,google_play
good service,5,2025-11-25,BOA,google_play
not use for me,3,2025-11-23,BOA,google_play
It keeps notifying me to disable developer options and quiet while I'm not enabled. always bring another type of problem with new updates.,1,2025-11-22,BOA,google_play
waw,5,2025-11-21,BOA,google_play
the lag is unbelievable when you need it the most this suks,1,2025-11-19,BOA,google_play
I cant belive I could find the worst bank app ever .yet very simple to fix the problem and the company just ignored it. no body can do business with this kind of app.,1,2025-11-18,BOA,google_play
it is a good app,5,2025-11-18,BOA,google_play
it is not working at all,1,2025-11-15,BOA,google_play
ğŸ¥°ğŸ¥°ğŸ¥°ğŸ¥°ğŸ¥° app is good but i was live in abroad and when i enter my otp code it didnt make me to write my code it the app want it self write thats not fair so please other wise i like it why,5,2025-11-15,BOA,google_play
when trying to activate the app it keeps on loading on the security questions page. It has been two days,1,2025-11-13,BOA,google_play
fast and simple,5,2025-11-11,BOA,google_play
best of best,5,2025-11-10,BOA,google_play
Worest Banking App Ever I seen. Fake App Bad Better to Leave,1,2025-11-10,BOA,google_play
good,4,2025-11-10,BOA,google_play
"I would like to share feedback regarding the application. It frequently experiences disruptions and does not function properly, often freezing or failing to load. This issue is affecting workflow and efficiency. Kindly review and address this problem to ensure smoother performance.",1,2025-11-08,BOA,google_play
Meet you genuine.App I tried is not functional.Helping.welldoingwith BOA Ethiopia .fastandrelevant.morconnecting Digitalyworld.Digitalyworld. thanks.,5,2025-11-08,BOA,google_play
best app,5,2025-11-08,BOA,google_play
Best app,5,2025-11-07,BOA,google_play
"Barely works, it always fails to connect",1,2025-11-07,BOA,google_play
my fav app,5,2025-11-07,BOA,google_play
this app launch time is so long also has dozen bugs in addition it's has been long time get update,1,2025-11-05,BOA,google_play
very nice,5,2025-11-04,BOA,google_play
"Your application is very irritating to use, some functionality doesn't even work like on the card management. You need to do better than this and it good idea to reference other banking applications.",3,2025-11-04,BOA,google_play
I like,5,2025-11-02,BOA,google_play
á‹ˆá‹­ áŠ áˆ»áˆ½áˆ‰á‰µáŠ“ áŠ¥áŠ•áŒ á‰€áˆá‰ á‰µ á‹«áˆˆá‹« á‰¥á‰³áŒ á‰á‰µ á‹­áˆ»áˆ‹áˆá¢ á‰ á‰ƒ áˆáŠ•áˆ áŠáŒˆáˆ­ áŠ á‹­áˆ°áˆ«áˆ áˆ˜á‰°áŒá‰ áˆªá‹« áŠ áˆˆáŠ• á‰¥áˆ‹á‰½áˆ áŠ¥áŠ•á‹³á‰³á‹ˆáˆ© áˆˆáˆ›áŠ•áˆ á‹¨áˆ›á‹­áˆ˜áŠ¨áˆ­ á‰€áˆ­á‹á‹áŠ“ á‰°áŒá‰£áˆ­ á‹¨áˆˆáˆ½ áˆ˜á‰°áŒá‰ áˆªá‹«,1,2025-11-01,BOA,google_play
i m sorry but it doesn't work for my android it is too slow but other bank are very fast please update,1,2025-10-30,BOA,google_play
"the worst app ever,",1,2025-10-30,BOA,google_play
better,5,2025-10-29,BOA,google_play
"I kindly request that Bank of abyssinia address issues with its mobile app. It is very slow, has numerous problems, and frequently experiences downtime. The user experience is also poor. Thank you.",1,2025-10-28,BOA,google_play
this app can't open? what is problem? please solve my problem?,1,2025-10-28,BOA,google_play
kiyaa makonn,5,2025-10-27,BOA,google_play
very very lazy app,1,2025-10-26,BOA,google_play
telebirr remittance,5,2025-10-24,BOA,google_play
The best bank in ğŸ‡ªğŸ‡¹,5,2025-10-23,BOA,google_play
its good,5,2025-10-22,BOA,google_play
the worst app in my financial experience.,1,2025-10-22,BOA,google_play
good for mb appliciation,5,2025-10-21,BOA,google_play
the worst bank ever. slow don't accept dual sim. they are very stupid and greedy,1,2025-10-20,BOA,google_play
try to easy network,4,2025-10-17,BOA,google_play
hussen hassen umer,5,2025-10-16,BOA,google_play
"The app is not suitable and lacks a good UI design. As a large bank, you must update your app with a professional UI that is fast and appropriate.",2,2025-10-16,BOA,google_play
an exceptional banking app.,5,2025-10-16,BOA,google_play
alhamdulilah,5,2025-10-11,BOA,google_play
poor,5,2025-10-11,BOA,google_play
Best of best,5,2025-10-09,BOA,google_play
from the last week updates the app is not working Please check the problems,1,2025-10-08,BOA,google_play
It's always crushing,1,2025-10-08,BOA,google_play
office branches have to improve their services please,4,2025-10-07,BOA,google_play
â™¥ï¸â™¥ï¸,5,2025-10-05,BOA,google_play
Why does it keep crashing? I can't even use this. BOA should do better. You have many customers and how to deal with this. I can't send money now.,1,2025-10-05,BOA,google_play
it needs a timely update,5,2025-10-03,BOA,google_play
"It does not show the name of the person who sent the money to request a receipt. This has become very difficult for us. When different people transfer the same amount to me from different banks, it is very difficult to identify the account or the name of the sender.",3,2025-10-01,BOA,google_play
Like,5,2025-10-01,BOA,google_play
I can't type my otp on it.,1,2025-10-01,BOA,google_play
"most of bank apps in Ethiopia are linked with ethiopian phone number, I live in US permanently so when I open BoA account, I told them where I live and to link it with email address instead of phone # as ethio phone number is not working where I live, unfortunetly my fear appeared and now when I change my phone device, it send the code to the ethio number which is not with me now. so please when u develop bank apps consider the diaspora community to use ur apps",1,2025-10-01,BOA,google_play
jaajja,4,2025-09-30,BOA,google_play
I love this bank the best experience ever.,5,2025-09-28,BOA,google_play
"Nothing has been improved, it doesn't work like the previous version.",1,2025-09-25,BOA,google_play
easy and fast,5,2025-09-24,BOA,google_play
Great,5,2025-09-20,BOA,google_play
mobile banking,5,2025-09-19,BOA,google_play
ğŸ˜,5,2025-09-18,BOA,google_play
"need alot of connection, chooses device, very lug even when there is connection",1,2025-09-17,BOA,google_play
On my ios it's perfect but on android it barley works and don't transfer and after a while it crushed and totally stopped working. Please fix the issue my beloved bank of abyssinia.,1,2025-09-15,BOA,google_play
since the last update i can open the app crashes a lot and omg its being very slow opening and loading,2,2025-09-15,BOA,google_play
none,5,2025-09-14,BOA,google_play
very good app i ever used,5,2025-09-12,BOA,google_play
its nice app especially the transaction limit is extended but We face that BoA m.banking app doesn't respond at the activation stage strictly at SMSNG mobile phone. please try this to make safe.,4,2025-09-11,BOA,google_play
zedo,5,2025-09-11,BOA,google_play
please open my mobile app,5,2025-09-10,BOA,google_play
it doesn't open,1,2025-09-10,BOA,google_play
masha alla,5,2025-09-08,BOA,google_play
Best banking transaction application in Ethiopia !,5,2025-09-05,BOA,google_play
Ø§Ù„Ø³Ù„Ø§Ù… Ø¹Ù„ÙŠÙƒÙ… ÙˆØ±Ø­Ù…Ø© Ø§Ù„Ù„Ù‡ ÙˆØ¨Ø±ÙƒØ§ØªÙ‡ Ù…Ø§Ø´Ø§Ø¡ Ø§Ù„Ù„Ù‡ ØªØ¨Ø§Ø±Ùƒ Ø§Ù„Ø±Ø­Ù…Ù† Ù‡Ø°Ø§ Ø§Ù„ØªØ·Ø¨ÙŠÙ‚ Ù…Ù…ØªØ§Ø² Ø¬Ø¯Ø§,5,2025-09-04,BOA,google_play
tamaam kamal,1,2025-09-04,BOA,google_play
á‰ áŒ£áˆ áˆáˆªá,5,2025-09-03,BOA,google_play
great ğŸ‘,5,2025-09-02,BOA,google_play
absiniya banki,5,2025-08-29,BOA,google_play
has issue after installation and i think it doesn't work with tecno common 30,1,2025-08-26,BOA,google_play
One of the best in this business,5,2025-08-25,BOA,google_play
Excellent,5,2025-08-20,BOA,google_play
besatğŸ¥°,5,2025-08-19,BOA,google_play
unlimited experience,5,2025-08-18,BOA,google_play
"as bank, u should at least hire someone good at their job bc this a joke nowadays I can't even log in or even transfer without it crashing if u fix the app I will update this review I am counting on u boa update: so they atleast fixed it but as suggestion can u put password when in final step of sending money it will feel more secure that way",4,2025-08-17,BOA,google_play
very nice mobile banking app my favourite,5,2025-08-16,BOA,google_play
"it almost never boots up!!! and even if it did, it crashes immediately",1,2025-08-15,BOA,google_play
best apps,5,2025-08-15,BOA,google_play
the worst app ever to exist in a bank history,1,2025-08-15,BOA,google_play
thank you,5,2025-08-14,BOA,google_play
Best mobile app in the country,5,2025-08-14,BOA,google_play
not fast,2,2025-08-12,BOA,google_play
keeps freezing at the front page.,1,2025-08-10,BOA,google_play
it is not working on redminote 11 pro+ pls fix it,1,2025-08-08,BOA,google_play
abseniya bank app,5,2025-08-08,BOA,google_play
yes goode app,5,2025-08-03,BOA,google_play
Great App,5,2025-08-02,BOA,google_play
1) Crashes repeatedly 2) Takes Century to Boot 3) Repeatedly requires Update which is very annoying. 4) It doesn't ask for Password for one step confirmation when transferring money. 5) Automatically stops music when the app is launched (it doesn't really matter just fyi) Overall this have to be the worst mobile banking app I have tried so far and should not be released with all these bugs & issues.,1,2025-08-02,BOA,google_play
áˆ¨áŒ€á‰¥áŠáˆ±,1,2025-07-31,BOA,google_play
The Worst Mobile Banking App.,1,2025-07-31,BOA,google_play
giod,5,2025-07-30,BOA,google_play
best bank in ethiopia,5,2025-07-29,BOA,google_play
waqayyoo,5,2025-07-28,BOA,google_play
please is not working,2,2025-07-27,BOA,google_play
nothing when I need to install the Apk it say that re-up date,5,2025-07-25,BOA,google_play
I can log in from any where,5,2025-07-23,BOA,google_play
ğŸ˜‡,3,2025-07-21,BOA,google_play
no proplem,5,2025-07-20,BOA,google_play
ğŸ‘ğŸ‘ğŸ‘,5,2025-07-20,BOA,google_play
excellent app,5,2025-07-18,BOA,google_play
good work,5,2025-07-15,BOA,google_play
â˜¹ï¸,5,2025-07-15,BOA,google_play
excellent,5,2025-07-14,BOA,google_play
Great BoA,5,2025-07-14,BOA,google_play
Good,5,2025-07-14,BOA,google_play
Okay,4,2025-07-13,BOA,google_play
not working,1,2025-07-12,BOA,google_play
This App is Getting worse and worse with every update,2,2025-07-11,BOA,google_play
áˆáˆ­áŒ¥ áŠá‹,1,2025-07-10,BOA,google_play
nice,5,2025-07-10,BOA,google_play
meku,5,2025-07-07,BOA,google_play
awasome app go a head,5,2025-07-04,BOA,google_play
it sucks as hell. it crashes most of the time and takes a long time to load .,1,2025-07-03,BOA,google_play
"The App is nice and easy to use but after some time it crushed and said ""Error check your device connectivity"" please fix it",3,2025-07-02,BOA,google_play
Easy and very nice app to load more than the previouse but in recent time some loading problem detected.,5,2025-07-01,BOA,google_play
wow,5,2025-07-01,BOA,google_play
"The worst MBA I have experienced, The app crush frequently and they take to long to fix the problem even more than a week.",1,2025-06-27,BOA,google_play
amazing Banks AppğŸ‘ŒğŸ‘Œ,3,2025-06-25,BOA,google_play
good App fore me,5,2025-06-25,BOA,google_play
"very uninterested it's not working when the ""developer mode on"" i haven't off the developer options i preferred to uninstall your app .....",1,2025-06-24,BOA,google_play
fantastic,5,2025-06-22,BOA,google_play
ğŸ‘,4,2025-06-21,BOA,google_play
it's nice to use.,5,2025-06-21,BOA,google_play
app doesn't start,1,2025-06-21,BOA,google_play
Excellent application,5,2025-06-18,BOA,google_play
its very bad app its very slow,1,2025-06-17,BOA,google_play
á‰¥á‹™á‹¬ áˆºá‹‹á‹¨ á‰ áˆˆáŒ ,1,2025-06-15,BOA,google_play
Good job!,5,2025-06-13,BOA,google_play
best financial app.,5,2025-06-12,BOA,google_play
á‰†áŠ•áŒ† áŠá‹ á‰ áˆ­á‰±,5,2025-06-11,BOA,google_play
the worst app humans ever created,1,2025-06-09,BOA,google_play
it's not working,3,2025-06-05,BOA,google_play
"Hello, Iâ€™m facing a problem with the BOA Mobile app. Every time I enter my phone number and password, the app crashes and shows an error that says â€œBoaMobile closed because this app has a bug.â€ I tried updating, reinstalling, and clearing cache, but nothing worked. Please fix this bug in the next update. I really need access to my account. Thank you.",1,2025-06-03,BOA,google_play
exceptional,5,2025-06-03,BOA,google_play
BoA Mobile good bank,5,2025-06-02,BOA,google_play
this is worest app 24/7 loading,1,2025-06-01,BOA,google_play
BoA system is confartable,5,2025-06-01,BOA,google_play
"this app, for me , is a waste of time. It doesn't work . I can't even long in, and it really piss me off. FIX THE PROBLEM",1,2025-05-27,BOA,google_play
Good service.,3,2025-05-25,BOA,google_play
the app crush frequently,1,2025-05-24,BOA,google_play
You guys keeps getting worst,1,2025-05-22,BOA,google_play
"This app is a joke. It crashes more than it works, takes forever to load, and half the features are just decorative at this point. Canâ€™t log in, canâ€™t transfer money, canâ€™t even check my balance without it bugging out. To the developer: Are you actually trying to make this work, or is this some kind of social experiment to test our patience? Did you build this in your sleep? Because it definitely looks like it. If this is your idea of a functional app, maybe consider a different career pathğŸ™",1,2025-05-21,BOA,google_play
BoA,2,2025-05-20,BOA,google_play
but not opening on android,4,2025-05-19,BOA,google_play
Worst App ever. Totally unreliable. And it didn't work at all for the last 4 months.,1,2025-05-18,BOA,google_play
amazing,5,2025-05-18,BOA,google_play
"this app does no work on Samsung a51, it just gives a preview of the logo",1,2025-05-11,BOA,google_play
"i entered incorrect security question by mistake boa app lock pin forever, why is there no other options? ?? i contacted different branchs more then 4times but they didn't able to solve this issue .",5,2025-05-10,BOA,google_play
liking this application good ğŸ‘,5,2025-05-07,BOA,google_play
"This app future is good, but there is problems with apps to reset and activate it, which is difficult even to the branch staffs, and it takes too long times to active at the branch plus most of the time high expected failure of activation after process at the counter and OTP sent not work",1,2025-05-06,BOA,google_play
it's really good ğŸ‘,5,2025-04-23,BOA,google_play
Bad app . it stuck when you open and noting WORKS.,1,2025-04-23,BOA,google_play
"the app isn't working after it asked me the password it starts loading, but it doesn't open",3,2025-04-20,BOA,google_play
Best,2,2025-04-19,BOA,google_play
It keeps showing this pop up to turn off developer options even tho it's off! I had to turn on and then off to make it work! This is a horrible experience and needs a fix asap! Plus kinda slow.,1,2025-04-19,BOA,google_play
yideg,1,2025-04-18,BOA,google_play
great boa,5,2025-04-10,BOA,google_play
boa of mobile backing,5,2025-04-09,BOA,google_play
faster bank of Abissinya,5,2025-04-08,BOA,google_play
i would have given it a lower if it was possible because it crush so much and it take the bank so long to fix the bug,1,2025-04-08,BOA,google_play
it just doesn't work...so frustrating,1,2025-04-07,BOA,google_play
like,5,2025-04-06,BOA,google_play
it's not work correctly... you must have update it,1,2025-04-06,BOA,google_play
"the app gets a considerable improvements like language , QR scanner and unlimited transfers survice. but BOA Please do alot on its fastness and convenient when we login and making a transactions.",5,2025-04-04,BOA,google_play
after i typed in my password it says successfully logged out ...and goes back to the first page,2,2025-04-04,BOA,google_play
good but they don't update enough don't add new things,3,2025-04-04,BOA,google_play
it doesn't work period z slowest mobile banking ever i would rather use *815#,1,2025-04-01,BOA,google_play
"after activated the application it not allowed to sign , automatically it is turn off In my phone, why ?",1,2025-03-31,BOA,google_play
good application,5,2025-03-30,BOA,google_play
this version is not working for me I cannot even buy card. I cannot send money,1,2025-03-30,BOA,google_play
"It can't actively on initialization, it says incorrect OTP getting the exact OTP",1,2025-03-29,BOA,google_play
always problematic hardly works,1,2025-03-26,BOA,google_play
considering the fact the bank is huge this app really bad you could do better,1,2025-03-25,BOA,google_play
"worst app and Bank ever u be ashamed, scammer",1,2025-03-24,BOA,google_play
great BoA,5,2025-03-22,BOA,google_play
best,5,2025-03-21,BOA,google_play
i have went to the bank so many times because i couldn't make any transaction i can only see my balance nothing else so what is the point of having mobile banking if i can't make any transaction with it please work in that,1,2025-03-21,BOA,google_play
there is no speed,1,2025-03-19,BOA,google_play
"For anyone who wants to download it, just don't!!!",1,2025-03-19,BOA,google_play
wonderful,5,2025-03-19,BOA,google_play
all worck,5,2025-03-19,BOA,google_play
Loved it,5,2025-03-14,BOA,google_play
Wow,1,2025-03-14,BOA,google_play
"Edit: New bug, app not letting me type in my otp codes. Shameful Why does this app not allow me to use it while having developer options on? Did y'all consider that I might, perhaps, be an actual developer? Why am I expected to toggle the option on and off just to bank (restarting my phone when I do)? Why is the message labled as somthing that will ""smoothen"" the experience? This is like the most ""security consultant"" thing to implement in an app. Please invest in actual security, not this mess.",1,2025-03-12,BOA,google_play
Improved to be the best,5,2025-03-11,BOA,google_play
"Decent, but there problems sometimes it says error When i transfer money but infact it transferred because of this bug i transferred 2 times instead of 1 and also we can't transfer money to others telebirr acc we only can to our self BOE Dev fix this !!!",3,2025-03-11,BOA,google_play
BoA Greqt Ethiopian bank.,5,2025-03-11,BOA,google_play
"The bug is still there,the app crashes every time i try to log in, especially in old phones like my Galaxy A32",1,2025-03-10,BOA,google_play
Almost better compared to cbe where it is not qualified for,4,2025-03-09,BOA,google_play
what awesome apps. it is very simple to use and more much important apps.,5,2025-03-09,BOA,google_play
Wonderfull app,5,2025-03-08,BOA,google_play
i can't use this app why?,5,2025-03-07,BOA,google_play
Worst mobile banking app I ever experienced I was blaming other apps but comparing with this they're too much better!!!! It clashes it takes much longer time to login while loading in short it's a complete of trash,1,2025-03-06,BOA,google_play
bro the worst app made by human kind!! as a software engineer it make me so sad seeing enterprise as big as BOA make apps like this. it is a disgrace for our country!!,1,2025-03-05,BOA,google_play
AGA B Girja Miss language of admin Afaan oromo & other Itoophiyaa languages,1,2025-03-04,BOA,google_play
Good app,5,2025-03-03,BOA,google_play
"I downloaded the app for the first time while reading other customers reviews and as soon as i installed and opened the app it closes back automatically, what unserious bank, now i uninstalled the app immediately",1,2025-03-03,BOA,google_play
It has good features but sometimes it doesn't work...0,1,2025-03-02,BOA,google_play
Very poor proformance,1,2025-03-01,BOA,google_play
It's not opening. Really frustrating,1,2025-03-01,BOA,google_play
Verry Amazing App from all IB,5,2025-03-01,BOA,google_play
Not working on this days,1,2025-02-26,BOA,google_play
Thank you BoA,5,2025-02-23,BOA,google_play
best banking app in the wworld,5,2025-02-22,BOA,google_play
Nice app and it's easy to use,5,2025-02-21,BOA,google_play
"please add language in the apps setting(amharic afan oromo, tigniya,and others) sometimes bank to bank transfer is not available through time and even if if it is available not reachableâ€¦it is serious issue!",1,2025-02-15,BOA,google_play
This is help full i like ittttt,5,2025-02-14,BOA,google_play
The is not functional at all?,2,2025-02-12,BOA,google_play
Best bank,5,2025-02-08,BOA,google_play
Make it easy and convienient to use and perfect for all to high prefrence and choice.,3,2025-02-07,BOA,google_play
ğŸ‡ªğŸ‡¹ğŸ‡ªğŸ‡¹ğŸ‡ªğŸ‡¹ğŸ‡ªğŸ‡¹ğŸ‡ªğŸ‡¹ğŸ‡ªğŸ‡¹ğŸ‘ğŸ‘ğŸ‘ğŸ‘ğŸ‘ğŸ‘ğŸ‘,5,2025-02-04,BOA,google_play
I have been using this app for two years.It is amazing.,5,2025-02-01,BOA,google_play
Good ğŸ‘,5,2025-01-31,BOA,google_play
Sad experience,1,2025-01-30,BOA,google_play
Always do update and that is annoying,3,2025-01-27,BOA,google_play
"Best app, somehow waiting a few minutes",5,2025-01-23,BOA,google_play
I can't dijitalize my atm in the apollo app on my phone,1,2025-01-22,BOA,google_play
Whenever I try to sign in app close please fixed it out,2,2025-01-21,BOA,google_play
Beter,5,2025-01-21,BOA,google_play
Boa,4,2025-01-18,BOA,google_play
á‰ áŒ£áˆ á‹¨áˆšá‹«áˆµáŒ áˆ‹ áŠ á• á‰ áŒ£áˆ á‹¨á‹ˆáˆ¨á‹° á‹œáˆ® áŠá‹ á‹¨áˆáˆ°áŒ á‹ á‹˜áˆ® It's not App it's very slow ehhhh. Why don't you upgrade the app???? It's always zero,1,2025-01-18,BOA,google_play
Aadan Axmed Barkhadle,5,2025-01-17,BOA,google_play
ğŸ˜¡ğŸ˜¡ğŸ˜¡ğŸ¤¬ğŸ¤¬ğŸ¤¬,1,2025-01-16,BOA,google_play
Horrible customer service and app crashes Horrible!!,1,2025-01-15,BOA,google_play
I love it,5,2025-01-14,BOA,google_play
It keeps asking me to turn off developer mode even when dev mode is off. Couldn't use it.,1,2025-01-13,BOA,google_play
GoodğŸ™,5,2025-01-12,BOA,google_play
Like to much,5,2025-01-11,BOA,google_play
Thank you,5,2025-01-10,BOA,google_play
Perfect,5,2025-01-09,BOA,google_play
The best of best,5,2025-01-09,BOA,google_play
I was using this app for long time it amazing user friendly UI but the i can't found for get pin button in the app,3,2025-01-07,BOA,google_play
Great ğŸ‘,5,2025-01-04,BOA,google_play
Fast and suitable for the customers.,5,2025-01-04,BOA,google_play
Good app and helpful,5,2025-01-03,BOA,google_play
"I will give only one star, because it faced with multiple of problems. 1. The app is not as fast as the other banks App, for e.g like CBE 2. The App asks repeatedly to switch off developer options, even if it is switched off. 3. Bank of Abyssinia's services are interesting, but they ignored the issues on the App service. 4. Most customers gave a complain on the App, but no one accept their complain to fix the issue. 5. Lastly, I will not recommend the App unless the issue has been solved ASAP!!",1,2025-01-03,BOA,google_play
By assessing this you can tell Abyssinia bank has no idea what mobile banking is ?,1,2025-01-02,BOA,google_play
It doesn't work at all.,2,2025-01-02,BOA,google_play
this app is not available,1,2025-01-02,BOA,google_play
Wow what amazing,5,2024-12-30,BOA,google_play
love it,5,2024-12-30,BOA,google_play
á‰ áŒ£áˆ áˆ˜áˆ»áˆ»áˆ áŠ áˆˆá‰ á‰µ....... áˆˆ á‰£áŠ•áŠ© áˆ›á‹­áˆ˜áŒ¥áŠ• áˆ˜á‰°áŒá‰ áˆ­á‹« áŠá‹ ::,2,2024-12-30,BOA,google_play
Lemn embi yilal??,5,2024-12-30,BOA,google_play
It's useless app downgraded.,1,2024-12-29,BOA,google_play
Why is not letting me access my account. The whole point of this app is for me to gey access to my account without physically being at the bank. I would give it a zero but a one will suffice to get my point accross.,1,2024-12-27,BOA,google_play
Nice,5,2024-12-26,BOA,google_play
When are you going to get rid of this and have a real app that works? By far the worst mobile banking app.,1,2024-12-24,BOA,google_play
áŠ á‹­áˆ°áˆ«áˆ áˆ¼áˆ áŠá‹á¤,1,2024-12-23,BOA,google_play
Not that much bad,3,2024-12-22,BOA,google_play
Fine,5,2024-12-21,BOA,google_play
The dirtiest application ever seen...,1,2024-12-20,BOA,google_play
Nic ap,5,2024-12-19,BOA,google_play
The forest app ever,1,2024-12-19,BOA,google_play
"I love BoA more than anyone but they are cursed when it comed to mobile banking. Even though this ine is hetter it still s*cks! It will ask me to turn off developer options other wise it won't work! I use CBE, Awash birr, tekebirr, Dashen bank and others but non of them asked me this, why only BoA? Please improve your mobile banking, be competitive!",1,2024-12-19,BOA,google_play
Bank of abissena,1,2024-12-17,BOA,google_play
"Easy and sooo simple to use it, also its easy to stole someones money using the app",3,2024-12-16,BOA,google_play
GOOD,5,2024-12-15,BOA,google_play
The worst banking app ever. Never works!,1,2024-12-14,BOA,google_play
Poorly functioning app,3,2024-12-13,BOA,google_play
Very nice,5,2024-12-13,BOA,google_play
Your system is the worst you should do betterğŸ˜¡ğŸ˜¡ğŸ˜¡ğŸ˜¡ğŸ˜¡ğŸ˜¡,2,2024-12-11,BOA,google_play
It has been a while since you guys started giving the mobile app service but still couldn't get it to work. I'm sure you know that it doesn't work already but not sure if you're lazy or incompetent to fix it. You are losing business because of this. Complacency will have consequences.,1,2024-12-10,BOA,google_play
"This is the best app; many features are awesome, but it should work without the need to turn off the developer options. I'm tired of having to constantly switch the developer options off and on. I've been expressing my struggles about this. I have precious settings enabled in the developer options, and to open the App Boa app, I have to turn them off. Please help us, Abyssinia Bank. I hope you can provide an update soon.",4,2024-12-08,BOA,google_play
"Iâ€™m giving this app one star because there are no options below that. My experience has been incredibly frustrating due to the extremely long loading times, and the app even closes automatically at times. People choose mobile banking for its convenience, but this app is far too time-consuming, making it the worst Iâ€™ve used. I hope improvements are made to enhance the user experience.",1,2024-12-07,BOA,google_play
Very unprofessional and mischievous bank in my opinion. I have had several occasions but recently I used Abyssinia Card to withdraw money and it was deducted from my account but despite reporting several times they said they are processing it but I learned yesterday that since it has been 3 months the bank has decided to include it in their income. How absurd. If you can avoid this bank.,1,2024-12-06,BOA,google_play
It doesn't work on my 2 devices A05 and A34 ğŸ˜¡,1,2024-12-02,BOA,google_play
My attention is very important because it will be the most difficult time for me,5,2024-11-30,BOA,google_play
"I have a worst experience while using this mobile application through out the year. Most of the time it fails to ""Login"" or automatically closed the app. And also it takes so much loading time (5 minutes +) trying to access the internal services. Sometimes also while transferring within and to other bank also fails. So, BOA please fix your app.",1,2024-11-29,BOA,google_play
I don't know why but your apps start out great then all of a sudden don't workğŸ¤·â€â™€ï¸,1,2024-11-28,BOA,google_play
This application is losing major factions on a daily basis. I can count how many times I have used this app; it is completely useless and disappointing if I am not going to use it in times of need then I don't see the point.,1,2024-11-28,BOA,google_play
exellent digital transaction of money,5,2024-11-27,BOA,google_play
The latest update has stopped android 9 phones not to open this App. Never work properly since i started using it.,1,2024-11-26,BOA,google_play
ğŸ‘ğŸ‘ğŸ‘,5,2024-11-24,BOA,google_play
Money,5,2024-11-24,BOA,google_play
It needs more improvment,2,2024-11-24,BOA,google_play
ab,3,2024-11-20,BOA,google_play
Ademtahir,5,2024-11-20,BOA,google_play
âœŒï¸âœŒï¸,5,2024-11-20,BOA,google_play
Please this app on my android phone,3,2024-11-20,BOA,google_play
GOAT ğŸ ğŸ,5,2024-11-19,BOA,google_play
"Your app doesn't match your bank, the app is disaster, super slow. Please learn something from tele birr app.",1,2024-11-19,BOA,google_play
Fast and reliable,5,2024-11-18,BOA,google_play
"The worst app update ever. Why would you include the ""developer option off"" thing here? Why do you care? It is my phone my money, right? That is the reason why I switched to other banks. So either turn it off or everyone will discontinue their business one by one.",1,2024-11-17,BOA,google_play
Very good,5,2024-11-14,BOA,google_play
One of the poorest mobile banking system,1,2024-11-13,BOA,google_play
â¤â¤â¤â¤â¤â¤,5,2024-11-12,BOA,google_play
Oene,5,2024-11-12,BOA,google_play
i find it interesting specially in reciept downloading,1,2024-11-12,BOA,google_play
it good,5,2024-11-12,BOA,google_play
"This app crashes everytime, please fix it",1,2024-11-12,BOA,google_play
áŠ áŠ•á‹µ star áˆ«áˆ± á‹­á‰ á‹›á‰ á‰³áˆá¢ i dont recomend to use this app also the bank,1,2024-11-12,BOA,google_play
I need a support the app is not working,5,2024-11-12,BOA,google_play
Bast bank of ethiopia,5,2024-11-12,BOA,google_play
very slow app. áŠ á‰¢áˆ²áŠ’á‹«áŠ• áŠ¨áˆšá‹«áŠ­áˆ á‰£áŠ•áŠ­ á‹¨áˆ›á‹­áŒ á‰ á‰… software app. áŠ¨á‰»áˆ‹á‰½áˆ áˆ™áˆ‰ áˆˆáˆ™áˆ‰ áŠ¥áŠ•á‹°áŒˆáŠ“ áŠ áˆ°áˆ©á‰µá¢á‰ áŒ£áˆ á‹­áˆ˜áˆ«á‹«áˆ á‹«áˆ³ááˆ«áˆá¢áˆˆapp á‹¨á‹ˆáŒ£á‹ á‹ˆáŒ­ á‰ áˆ™áˆµáŠ“ á‹¨á‰°á‰ áˆ‹ áŠá‹ á‹¨áˆšáˆ˜áˆµáˆˆá‹á¢,1,2024-11-12,BOA,google_play
"thank you for your social services like, vertual banking, non touch ATM, Cadrless and withdrwal with out passbook...",5,2024-11-12,BOA,google_play
The worst App i have never seen like this before,1,2024-11-12,BOA,google_play
Wweeeer,4,2024-11-12,BOA,google_play
Infinx,5,2024-11-12,BOA,google_play
Great service,5,2024-11-12,BOA,google_play
This app is not available on all android versions and some times it is not functional.,1,2024-11-08,BOA,google_play
senayt Mesfin,4,2024-11-08,BOA,google_play
Bad app vety bad.,1,2024-11-07,BOA,google_play
Abessnya Banke,5,2024-11-05,BOA,google_play
"The most useless app, I never expected such an irrelevant app from BOA. big shame!",1,2024-11-04,BOA,google_play
Professional on banking app,5,2024-11-01,BOA,google_play
Has some nice interface but always freezes or slow to load .App developers please fix this issue.,3,2024-10-27,BOA,google_play
áŠ á‹­áˆ°áˆ«áˆ áŠ áˆµá‰°áŠ«áŠ­áˆ‰á‰µ,5,2024-10-26,BOA,google_play
Please try another because this app doesn't feet the need of this generation,1,2024-10-25,BOA,google_play
Fast transfer,5,2024-10-24,BOA,google_play
"What's up I can't log in, what's wrong",5,2024-10-22,BOA,google_play
Amrumehamed,1,2024-10-21,BOA,google_play
"Nice to meet you my proud bank in Ethiopia.. I'm a member of this bank, i need to solve my problem of international receiving money for me from my online digital working service's over the world please? I'm working a lot of international money.But i can't get direct in Ethiopia because of don't knowing the legal ways of getting money in Ethiopia please can I get and direct deposit with BoA please ğŸ™ğŸ™ğŸ™?",5,2024-10-18,BOA,google_play
á‹°á‹°áŒˆáŠáˆ,5,2024-10-15,BOA,google_play
"Terrible Bank Experience Itâ€™s unbelievable that with all the modern technology, this bank still struggles with even basic transactions. The app constantly crashes, services are limited, and every time I try to transfer money or load Telebirr, thereâ€™s a huge delay. I have to wait 5 days for failed transactions to be refunded! Even USSD is unreliable. Theyâ€™ve put me in embarrassing situations countless times, and customer care never fixes anything. Iâ€™ve switched banks, and you should too!",1,2024-10-14,BOA,google_play
A painfully slow banking app service. Please don't make it your choice!,1,2024-10-13,BOA,google_play
Good App,4,2024-10-12,BOA,google_play
Best app to me,5,2024-10-11,BOA,google_play
BOA,5,2024-10-11,BOA,google_play
Abdulkadir,5,2024-10-11,BOA,google_play
Bad,1,2024-10-10,BOA,google_play
If it is possible I would gove0 star,1,2024-10-08,BOA,google_play
Nise mobile bankig,4,2024-10-05,BOA,google_play
Overall good app but performance needs some improvement also sometimes when using instant other bank transfers it refuses causing to be repeated several times to transfer,4,2024-10-04,BOA,google_play
Ok,5,2024-10-04,BOA,google_play
Just make it work pleaseğŸ¤£ this is embarrassing for a bank of your size,1,2024-10-04,BOA,google_play
Update to the simplest way it requires the developer option on and off why this is,5,2024-10-04,BOA,google_play
"Stop telling me what to do with my phone, BOA. Why does your newly updated app keep asking me to disable the developer options? Iâ€™m not slowing down my phone just to use your God damn app. ğŸ¤®ğŸ¤®ğŸ¤®ğŸ¤®",1,2024-10-04,BOA,google_play
I'm living out of country how may I download and use mobile banking? It asks me the Ethiopia phone number and I can't receive text to confirm because I'm out side the country. So please lete know if I can use while I'm outside the country. Thanks,1,2024-10-04,BOA,google_play
Worest app,1,2024-10-03,BOA,google_play
The worest app ever,1,2024-10-03,BOA,google_play
áŠ áˆªá áŠá‹ á‰ áˆ­á‰±áˆáŠ•,5,2024-10-03,BOA,google_play
very smart App easy to use and friendly,5,2025-11-29,Dashen,google_play
Very exemplery App to other Bank Aps !,5,2025-11-29,Dashen,google_play
good,5,2025-11-29,Dashen,google_play
It Is An Amazing app,4,2025-11-28,Dashen,google_play
"its fast and easy to communicate to the app and its available all area keep it up.i will make Happy for this application thank you dashen bank for your effort,commitment and dedication. i appricated your work.",5,2025-11-26,Dashen,google_play
What do you care about my phone's settings? Who are you to tell me what to turn off and on? It is my phone after all. This *develoler option* thing will cost you a lot of users who are willing to leave the bank once and for all. Turn this thing off. 6 you fear this is a security issue fix your side not mine.,1,2025-11-25,Dashen,google_play
Exceptional Product.,5,2025-11-23,Dashen,google_play
very easy app,3,2025-11-23,Dashen,google_play
"The Dashen Super App is very impressive. It is fast, easy to use, and provides smooth access to all essential banking services. Money transfer, bill payment, balance check, and other features work efficiently without issues. The design is clean and user-friendly. Great step forward in digital banking â€” keep up the good work, Dashen Bank!..",5,2025-11-19,Dashen,google_play
á‰ áŒ£áˆ áˆáŒ£áŠ• áˆ¥á‰¹ áŠ áˆµá‰°áˆ›áˆ›áŠ á‹ˆá‹µáŒƒá‹‹áˆˆá‹,5,2025-11-18,Dashen,google_play
bill payment options are limited in this app please add ethio telecom bill electric bill etc.. instead of adding nonsense in banking app,1,2025-11-18,Dashen,google_play
"it's a really slow app, I'm not sure what the issue is. Even other bank transfers are not working",2,2025-11-18,Dashen,google_play
always updating bad stability,1,2025-11-17,Dashen,google_play
"it say's disable developer option, i disabled it but its not working still",1,2025-11-17,Dashen,google_play
with the super app evry thing i need is just a tap away,5,2025-11-17,Dashen,google_play
nice,5,2025-11-16,Dashen,google_play
eyita tips,1,2025-11-15,Dashen,google_play
clear and presize,5,2025-11-15,Dashen,google_play
smooth and easy!!!,5,2025-11-14,Dashen,google_play
I have had an amazing experience with this app;ot os convenient and easy to use,5,2025-11-14,Dashen,google_play
"All in One Super App with smooth navigation, transaction and lifestyle services",5,2025-11-14,Dashen,google_play
Very nice App.,5,2025-11-14,Dashen,google_play
system failure transfer to others account,2,2025-11-13,Dashen,google_play
thank you,1,2025-11-13,Dashen,google_play
"Only the UI/UX is good, but it doesn't function properly. It's a shame that a leading tech bank has such an app. Amole is far better.",1,2025-11-13,Dashen,google_play
"excellent app. to use perfectlly to pay,transfer,tele airtime and so on.",5,2025-11-12,Dashen,google_play
wow dashen bank super app,5,2025-11-12,Dashen,google_play
"This so-called â€œSuper Appâ€ is a complete disappointment. Itâ€™s confusing, slow, and full of glitches honestly, it feels like it was designed to test peopleâ€™s patience, not to help them bank. Calling it â€œsuperâ€ is a joke; itâ€™s one of the most useless apps Iâ€™ve ever used.",1,2025-11-11,Dashen,google_play
Best Mobile Banking App in Ethiopia .,5,2025-11-11,Dashen,google_play
very nice app I have ever seen,5,2025-11-10,Dashen,google_play
NASTY BANK . EVEN THE SUPPER APP IS NOT WORKING WELL. WHEN I AM CALLING THEM THEY ARE NOT RESPONSE . PLEASE DON'T USE THIS APP BECAUSE YOU WILL LOSS YOU TIME ;ENERGY AND EVERYTHING . HOPELESS Bank .,1,2025-11-10,Dashen,google_play
it's good but is not fast,5,2025-11-09,Dashen,google_play
your financial system must improved,4,2025-11-09,Dashen,google_play
your service is too good,5,2025-11-09,Dashen,google_play
good experience,5,2025-11-09,Dashen,google_play
ok,5,2025-11-08,Dashen,google_play
"Amazing app, ğŸ‘",5,2025-11-07,Dashen,google_play
wooow,5,2025-11-07,Dashen,google_play
Nice app,5,2025-11-07,Dashen,google_play
best,5,2025-11-07,Dashen,google_play
"easy to use, friendly",5,2025-11-06,Dashen,google_play
"12yr more LC, UCP & ICC & loan",5,2025-11-06,Dashen,google_play
"not attractive and friendly app. Check Awash, CBE apps",1,2025-11-06,Dashen,google_play
amzing,5,2025-11-06,Dashen,google_play
"The Dashen Super App is very impressive. It is fast, easy to use, and provides smooth access to all essential banking services. Money transfer, bill payment, balance check, and other features work efficiently without issues. The design is clean and user-friendly. Great step forward in digital banking â€” keep up the good work, Dashen Bank!",5,2025-11-05,Dashen,google_play
betam kerfafa naw,1,2025-11-05,Dashen,google_play
exceptional,5,2025-11-05,Dashen,google_play
worst app ever,1,2025-11-05,Dashen,google_play
"Dashen, always two step ahead.",5,2025-11-05,Dashen,google_play
"Please try to fix the barrier between other banks specially with ""Commercial bank of Ethiopia""",3,2025-11-05,Dashen,google_play
ğŸ‘,5,2025-11-05,Dashen,google_play
i am using,5,2025-11-05,Dashen,google_play
It is a wonderful App developed by a local talent. It deserves an appreciation. It will continue to evolve with new exciting features.,5,2025-11-05,Dashen,google_play
wonderful app,5,2025-11-05,Dashen,google_play
"i love the app it features are perfect, but it asks to update too many times to activate your need to visit a nearest branch and that takes time. other than that the app is great I like it",5,2025-11-05,Dashen,google_play
go ahead,5,2025-11-05,Dashen,google_play
its supper,5,2025-11-04,Dashen,google_play
Good,5,2025-11-04,Dashen,google_play
it's so boring,1,2025-11-04,Dashen,google_play
Dashen Bank Super App is the latest version of online banking system that is the gift from Dashen bank for us Thanks to Dashen,5,2025-11-04,Dashen,google_play
"i rarely leave reviews, but this app truely deserves one.it's efficient ,secure , reliable and makes fanancial tasks effortless.definitely 5 stars for this exceptional app",5,2025-11-04,Dashen,google_play
it has improved very much lately its working more and getting better but yet it is not fully fixed some time at night it doesn't work..i think the problem is it was launched too early.,3,2025-11-04,Dashen,google_play
Amazing,5,2025-11-03,Dashen,google_play
wow dashen bank,5,2025-11-03,Dashen,google_play
á‰¥á‹™ áŠáŒ‰áˆ­ á‹­á‰€áˆ¨á‹‹áˆ á‹ˆá‹° áŠ á‘ áˆµáŒˆá‰£ á‰ áŒ£áˆ á‹­á‹˜áŒˆá‹«áˆ á‰£áŒ­áˆ© á‰€áˆ­á‹á‹ áŠá‹,4,2025-11-02,Dashen,google_play
"I just updated my app to the latest version and I couldn't even see my balance, send money or do anything. It says service is unavailable and it will be fixed soon.",5,2025-11-01,Dashen,google_play
it's too slow,1,2025-11-01,Dashen,google_play
"Before the recent update, this app was great. Now, the home page is cluttered with promotions and banners, which really hurts the experience. I think the app stopped being banking app and started only to promote b/c 95% of the app is only ads, also full of bugs",1,2025-11-01,Dashen,google_play
"This might be the worst banking app I've ever used I dont know why kind of bug it is but suddenly the apps stops working it says ""Temporarily unavailable"" for a simple feature like viewing account balance and in person visit was no help it took them longer than 2 hours to fix it and even after that 2 weeks later the same problem just because of this I'm going to stop using the bank altogether which is a shame because it's a decent bank",1,2025-11-01,Dashen,google_play
The worst app ever. Extremely unreliable. Such a shame for a big bank.,1,2025-10-31,Dashen,google_play
app is too slow not opening fast,1,2025-10-31,Dashen,google_play
"it's seems to have some improvements, I don't know what's going on with this app sometimes get collapseed. This is not expected from Dashen bank, which is amongst from famous and greatest banks.",1,2025-10-30,Dashen,google_play
very nise good,5,2025-10-30,Dashen,google_play
very interesting,5,2025-10-30,Dashen,google_play
what your emplyees tell as about the app when they came to our store and what actually the app is different,1,2025-10-30,Dashen,google_play
Excellent promotion,5,2025-10-30,Dashen,google_play
viry good,5,2025-10-29,Dashen,google_play
"Dashen Bank Super App is incredibly convenient! Easy to use, fast, and reliable â€“ a great app to manage everything in one place.",5,2025-10-29,Dashen,google_play
it is the worst app ever istg ğŸ¤®ğŸ¤®ğŸ¤®,1,2025-10-29,Dashen,google_play
"Dashen Super App is a game-changer with its sleek, user-friendly interface. Lightning-fast responses and seamless navigation make every task a breeze. Love the organized layout and clear features that save time daily. Fantastic workâ€”highly recommended for effortless banking!",5,2025-10-28,Dashen,google_play
"The design is clean and modern, and everything works smoothly without bugs. I love how reliable the app is it makes banking so convenient.",5,2025-10-28,Dashen,google_play
"A true banking super app! The Dashen Super App combines great design, security, and an impressive range of features. Highly recommended for anyone looking for a complete digital banking experience.",5,2025-10-28,Dashen,google_play
"â€‹I appreciate that this app allowed me to access multiple services in one centralized place. Thank you, Dashen Bank!",5,2025-10-28,Dashen,google_play
"This app makes my day-to-day payments so easy. Everything works perfectly, and it saves me a lot of time.",5,2025-10-28,Dashen,google_play
Itâ€™s impressive how consistently the app is improving. Iâ€™ve been using it for months and they have improved a lot in terms of not only beauty but also performance wise.,5,2025-10-28,Dashen,google_play
This app has replaced several others for me. It has everything I need in one place.,5,2025-10-28,Dashen,google_play
"The app has evolved impressively over time. The latest release adds dark and light modes that enhance usability and design. Itâ€™s intuitive, modern, and clearly built with the user in mind â€” setting a new benchmark for digital banking.",5,2025-10-28,Dashen,google_play
"Dashen superapp just keeps improving. The new theme options are beautiful, and the overall experience is faster and smoother than ever",5,2025-10-28,Dashen,google_play
I have been using this app for months and its easy to use and is user friendly thanks Dashen bank.,5,2025-10-28,Dashen,google_play
"Finally, banking made simple! Everything I need is in one super app. A true game changer for managing my finances on the go.",5,2025-10-28,Dashen,google_play
"Iâ€™ve been using the the App, and itâ€™s been working really well for my daily transactions. Good work ğŸ‘Œ",5,2025-10-28,Dashen,google_play
"I appreciate how secure this app feels. Every transaction comes with confirmation, and I always get alerts immediately.",5,2025-10-28,Dashen,google_play
I love the new dark theme it gives the app modern feel n make it more comfortable to use,5,2025-10-28,Dashen,google_play
"This is amazing app, as it name ,truly supper.",5,2025-10-28,Dashen,google_play
This is one of the most user friendly and impressive apps I have encountered in the banking sector,5,2025-10-28,Dashen,google_play
"Amazing UI and UX, the dark mode looks absolutely awesome!",5,2025-10-28,Dashen,google_play
The updated design looks amazing. I really appreciate being able to switch between dark and light mode itâ€™s a small change that makes a big difference!,5,2025-10-28,Dashen,google_play
Astonishing interface with ease of access and complete performance,5,2025-10-28,Dashen,google_play
"I rarely leave reviews, but this app truly deserves one. Itâ€™s efficient, secure, and makes financial tasks effortless. Definitely a 5-star experience",5,2025-10-28,Dashen,google_play
stunning UI with reliable service!,5,2025-10-28,Dashen,google_play
"Super Up is the ultimate digital banking app, living up to its name with speed, efficiency, and innovation. Designed for a seamless experience, it offers lightning-fast transactions, top-tier security, and effortless financial management. With Super Up, banking has never been this smooth, smart, and super!",5,2025-10-27,Dashen,google_play
"The UI is impressive, but adding an ATM withdrawal feature for cardless cash access would enhance functionality. This may require updates to the ATM system as well. Please consider this, dev team.",4,2025-10-22,Dashen,google_play
convinent,5,2025-10-22,Dashen,google_play
it is Excellent April jest continue more abeaten.....,4,2025-10-19,Dashen,google_play
I like it,5,2025-10-18,Dashen,google_play
abdrug bentahuuuu,3,2025-10-17,Dashen,google_play
"Dashen SuperApp is the worst app for me because it consistently fails during transfers. When I try to send money, the transaction freezes for extended periodsâ€”sometimes a full day, and often two or three days or more. Crucially, the funds are neither delivered to the recipient nor immediately refunded to my account, which is incredibly frustrating and makes me feel like I've lost my money. The app urgently needs a technical update to ensure transactions process smoothly and reliably.",1,2025-10-14,Dashen,google_play
Best application,5,2025-10-14,Dashen,google_play
easy,5,2025-10-14,Dashen,google_play
lmo,5,2025-10-13,Dashen,google_play
meseret birara,5,2025-10-12,Dashen,google_play
it doesn't let me open my account,1,2025-10-12,Dashen,google_play
very good,1,2025-10-11,Dashen,google_play
it is the best,5,2025-10-11,Dashen,google_play
nice and best,5,2025-10-10,Dashen,google_play
Finish the app development fully before you give the final result. It's is very inconvenient and not that reliable at the moment.,1,2025-10-08,Dashen,google_play
hayelu Beranu Bashre,5,2025-10-07,Dashen,google_play
ğŸ‘ğŸ‘ğŸ‘ğŸ‘ğŸ‘ğŸ‘ğŸ‘ğŸ‘ connection not fast,5,2025-10-07,Dashen,google_play
"@Shewangizaw L. As a heavy user of the app , the issue you raised around resetting pass pin concerned me and gave it a try and found it to be safe. Basically the app will do two things: verifies one using an otp and then requires an in-person visit to bank's physical branch for final verification after resetting the password. Therefore, safe to use! I wish ""i""nformational tip was added around the reset button. Could not attach screenshot.",4,2025-10-06,Dashen,google_play
perfect,5,2025-10-06,Dashen,google_play
for dashen bankk it is best app so why your bank onlyu one one app for mobile banking that means superr app,5,2025-10-05,Dashen,google_play
wow,5,2025-10-04,Dashen,google_play
tadesa melka tulluu,1,2025-10-04,Dashen,google_play
I can't open virtual account.I have been trying it for about 3 days still no resolve.,2,2025-10-04,Dashen,google_play
App is passive when compare to Amole it takes 3-5 seconds to open and i cannot refresh transactions what i did.,1,2025-10-03,Dashen,google_play
withdraw,1,2025-10-02,Dashen,google_play
It takes gazillion years to open ğŸ˜¶,3,2025-10-02,Dashen,google_play
this app is outstanding,5,2025-10-01,Dashen,google_play
totally bad,1,2025-10-01,Dashen,google_play
I really appreciate but we can't use it if don't have balance or data access,2,2025-10-01,Dashen,google_play
nice app,5,2025-09-30,Dashen,google_play
áˆ™áŠáŒƒá‰µ áŠ á‰¥á‹µáˆ‹ áˆ¸áˆ¨á,2,2025-09-30,Dashen,google_play
it fast service,5,2025-09-29,Dashen,google_play
"Good improvements after the Sep 25, 2025 update.",4,2025-09-29,Dashen,google_play
I have one issue though what if the mobile phone with the sim is stolen and have no pattern or pin. The app allows to reset the pin directly without 2FA like finger print just by sending sms. which is a big gap. It should be addressed I didn't expect but it does and no trust at all.,1,2025-09-28,Dashen,google_play
I love it ğŸ‘,5,2025-09-28,Dashen,google_play
Best,5,2025-09-28,Dashen,google_play
gooe,5,2025-09-28,Dashen,google_play
Dashen super app is the best all ethiopian banks keep it,5,2025-09-27,Dashen,google_play
cool app,5,2025-09-27,Dashen,google_play
App That makes cashless society in our century and Easy to use.,5,2025-09-27,Dashen,google_play
tadass,1,2025-09-27,Dashen,google_play
áˆ™áˆƒáŒ‚áˆ«,1,2025-09-27,Dashen,google_play
It is an amazing app and all in one,5,2025-09-27,Dashen,google_play
i dont like it,1,2025-09-27,Dashen,google_play
Dashen is the Future,5,2025-09-27,Dashen,google_play
the best version in ğŸ‡ªğŸ‡¹,5,2025-09-27,Dashen,google_play
excellent,5,2025-09-26,Dashen,google_play
"its amazing app, visually stunning",5,2025-09-26,Dashen,google_play
"Updates every time ğŸ¥², when it's updated, it doesn't work at all. ğŸ˜­",1,2025-09-26,Dashen,google_play
the best app from other dashen is unique its fast app ever i had in my life,5,2025-09-26,Dashen,google_play
I love the new user interface,5,2025-09-26,Dashen,google_play
"Appreciated, Always one step ahead!",5,2025-09-26,Dashen,google_play
ğŸ‘ŒğŸ‘Œ,5,2025-09-26,Dashen,google_play
The app stops working whenever there is an update unless you update the app. But it is better if it kept working on and updating should be optional.,3,2025-09-26,Dashen,google_play
"This is the first time i have experienced this much cool app out of all the other mobile banking platforms, im genuinely happy to see this kind of app here, tnx",5,2025-09-26,Dashen,google_play
it can't do without data or wifi,1,2025-09-26,Dashen,google_play
"The best UI banking app from all those I used, other Ethiopian banks I used have a really old UI. This is very neat and easy to use. Also so reliable.",5,2025-09-26,Dashen,google_play
So nice !,5,2025-09-26,Dashen,google_play
What's the problem with this app's that asking for updates on a daily basis?,1,2025-09-25,Dashen,google_play
"Wow, I really loved the new UI/UX! Great job, Dashen Bank! You guys are the best mobile banking in Ethiopia.",5,2025-09-25,Dashen,google_play
excellent UI improvement ğŸ’¯ğŸ’¯,5,2025-09-24,Dashen,google_play
one of the best app in Ethiopia .,5,2025-09-24,Dashen,google_play
great app,5,2025-09-23,Dashen,google_play
it is good but some times says duplicate transaction why? and text,5,2025-09-23,Dashen,google_play
The worst app. It needs updating everyday. Ouch ğŸ¤•,1,2025-09-19,Dashen,google_play
safe and secure,3,2025-09-18,Dashen,google_play
á‰ áŒ£áˆ áˆá‰¹ áŠá‹,4,2025-09-15,Dashen,google_play
"is not working right now with snmsung galaxy f15, please help me",1,2025-09-14,Dashen,google_play
Your staffs are really hardworking but the app is not like your employees,3,2025-09-12,Dashen,google_play
á‹³áˆºá‰£áŠ­,5,2025-09-11,Dashen,google_play
total,5,2025-09-11,Dashen,google_play
dashen super app is the best,5,2025-09-10,Dashen,google_play
zero sezzs55sá‹¨á‹¨á‹ˆá‹°áˆ áˆ«á‹Šá‰± á‹°á‹¨áŠ¥á‹«á‰»á‰»áˆ‰ áˆá‹¨á‹¨áˆ˜áŠ•á‹° á‹°áˆ á‹¨áˆ°á‹ á‹¨á‹¨áˆ˜áŠ• á‹¨áˆ°á‹ á¢á‹°áˆ áˆáˆ›áˆšáŒ€á‹¨á‹¨,5,2025-09-09,Dashen,google_play
not werke,2,2025-09-08,Dashen,google_play
what happened to dashen bank? this is by far the worst banking app. extremely slow when it works and is out of service all the time,1,2025-09-08,Dashen,google_play
simple and easy to use,5,2025-09-08,Dashen,google_play
meke,4,2025-09-07,Dashen,google_play
"not a great app compared to the others ,It freezes randomly ,Takes a lot to load ,and a lot of errors while sending money ,I stopped using it",1,2025-09-07,Dashen,google_play
bad specialy at weekends,1,2025-09-07,Dashen,google_play
"I am very disappointed with the Dashin Bank Super App. The app does not allow me to withdraw 50 birr or can't transfer money and even I can't use it to buy airtime. This makes me feel like my 50 birr is no longer my money, but the bankâ€™s money, since I cannot access or use it freely. According to the National Bank of Ethiopia (NBE), the rule is that 100 birr is not withdrawable, but it can be used to buy airtime or transferred to friends. Dashin Bankâ€™s restriction goes beyond this rule and unfa",1,2025-09-06,Dashen,google_play
It is good apps but it needs strong network,5,2025-09-06,Dashen,google_play
very slow,3,2025-09-06,Dashen,google_play
The app doesn't allow to switch between accounts. Why is it not possible to use two accounts on the same app even if the accounts have been opened at different branch?,2,2025-09-06,Dashen,google_play
lacag inaad amaahisan somalida maxaad ku diiden,5,2025-09-05,Dashen,google_play
Dashin mobile banking is become worest app like others Ethiopian bank apps. Amole was the best app ever I used. It was so flexible & reliable to use. and the best app user can login with new device without go to bank physically.,1,2025-09-05,Dashen,google_play
"The app has potential, but the QR payment feature is disappointing. The scanner doesnâ€™t work, and even though thereâ€™s an option to select a QR code from the gallery, it doesnâ€™t function either. This makes paying with QR codes almost impossible. Fixing this would really improve the app.",3,2025-09-04,Dashen,google_play
"very slow and failed transaction multiple times, previous app was much better!!",2,2025-09-04,Dashen,google_play
great ğŸ‘,5,2025-09-02,Dashen,google_play
"""super Idiot app"" 1.it forced me to off many of my phone settings like developers option. 2.Never works fastly. 3.It needs multiple click. 4. Doesn't notify if received money & many many more *** The worst mobile app ever expanded***",1,2025-09-01,Dashen,google_play
dashin bank,5,2025-08-30,Dashen,google_play
muhaammad bakko,5,2025-08-30,Dashen,google_play
goog,5,2025-08-29,Dashen,google_play
un functional app,1,2025-08-29,Dashen,google_play
trnes far,5,2025-08-27,Dashen,google_play
shimalis,4,2025-08-25,Dashen,google_play
áŠ áˆªá áŠá‹ áŒáŠ• á‹°áˆ¨áˆ°áŠ™ á‹¨á‰°á‰€á‰£á‹­ áŠ áŠ«á‹áŠ•á‰µ áŠ¥áŠ“ áˆµáˆ áŠ á‹«áˆ³á‹­áˆ á¢,3,2025-08-24,Dashen,google_play
excellent mobile banking digital,5,2025-08-24,Dashen,google_play
"Excellent, and it's truly a super app!",5,2025-08-24,Dashen,google_play
very nice app,5,2025-08-23,Dashen,google_play
can't access as will if it's super and can't even access the service when you need it's a big failure,1,2025-08-22,Dashen,google_play
seche,1,2025-08-22,Dashen,google_play
very fast bank,5,2025-08-22,Dashen,google_play
good and well,5,2025-08-22,Dashen,google_play
what a bank it is,5,2025-08-22,Dashen,google_play
Dashen Super App contains extended selections for customers and can be easily accessible and also friendly to use.,2,2025-08-21,Dashen,google_play
nic,5,2025-08-20,Dashen,google_play
easy to use and the best one,5,2025-08-17,Dashen,google_play
it is totally work of failure. I personally prefer dashen amole instead of this super dull app.,1,2025-08-16,Dashen,google_play
very good app,5,2025-08-16,Dashen,google_play
The worst banking app in Ethiopia. It forces you to change your PIN every three months.,1,2025-08-16,Dashen,google_play
áŠ áˆªá,5,2025-08-15,Dashen,google_play
best but USSD is necessary,5,2025-08-15,Dashen,google_play
"one step forward, Ethiopian bank and e commerce industry",5,2025-08-15,Dashen,google_play
still it's essay for user,4,2025-08-15,Dashen,google_play
"Great app, unfortunately I struggle to use it from outside Ethiopia. It tells me ""VPN enabled please disable VPN to continue using the app"". And that's happening without any VPN enabled. I think I will need to switch back to CBE because I need access to my bank account globally.",1,2025-08-15,Dashen,google_play
"It was easy enough before. but now it won't even open , why? pls help if possible. The email address you provided under the App support also can't be found by Gmail. pls respond.",3,2025-08-14,Dashen,google_play
"There are plenty of features missed e. g electricity bill, water bill payments",2,2025-08-14,Dashen,google_play
á‹¨áˆ¶áá‰µá‹Œáˆ© áˆˆáŠ áŒ á‰ƒá‰€áˆ áˆá‰¹áŠ“ á‰€áˆ‹áˆ áˆ˜áˆ†áŠ‘ á‰°áˆ˜áˆ«áŒ­ á‹«á‹°áˆ­áŒˆá‹‹áˆ,5,2025-08-14,Dashen,google_play
á‰ áŒ£áˆ á‰½áŒáˆ­ áŠ áˆˆá‰ á‰µ,1,2025-08-14,Dashen,google_play
great ğŸ‘ app,5,2025-08-13,Dashen,google_play
"its a very low quality and slow application, very unreliable in times of need",1,2025-08-13,Dashen,google_play
very poor and time taking to use,1,2025-08-13,Dashen,google_play
it is the best app ever i have seen Dashen bank always one step a head!!!!,5,2025-08-13,Dashen,google_play
the new version is so good I like it,5,2025-08-13,Dashen,google_play
good job my dashen super app,5,2025-08-12,Dashen,google_play
Some connection issues,3,2025-08-12,Dashen,google_play
verry slow app ğŸ¤¢,1,2025-08-12,Dashen,google_play
best bauget app,5,2025-08-12,Dashen,google_play
its good but he said uptede me ğŸ˜ ğŸ¤•,2,2025-08-12,Dashen,google_play
network issue,1,2025-08-12,Dashen,google_play
áŠ¥áŠ•áŒ á‰€áˆá‰ á‰µ,5,2025-08-12,Dashen,google_play
fast and easy to use great App.,5,2025-08-12,Dashen,google_play
Best Performing and Fast Financial app,5,2025-08-12,Dashen,google_play
well done keep it up,5,2025-08-12,Dashen,google_play
good but it takes forever to load,3,2025-08-12,Dashen,google_play
"It's very good, but there are some things that need to be improved by (speed & receipt view) to be competitive with the companies in the country, i.e.cbe&telebirr.",4,2025-08-12,Dashen,google_play
my favorite ğŸ’—ğŸ’—ğŸ’—,5,2025-08-11,Dashen,google_play
Good app,5,2025-08-11,Dashen,google_play
"This is boring Mobile banking app, it is not work properly .so slow!",1,2025-08-11,Dashen,google_play
"improve the app, please. it is not working. It says response timeout",1,2025-08-10,Dashen,google_play
modern perfect app interface with the best banking tools ğŸ‘,5,2025-08-09,Dashen,google_play
when i tried to open the app it re-downloading something big 3GB 4GB size and after 3 hours late it will open. it's my experience Very worst app it isn't lite app not works in every situation of networks.,1,2025-08-08,Dashen,google_play
"poor, glitch stack",1,2025-08-07,Dashen,google_play
slowest banking app ever used,3,2025-08-07,Dashen,google_play
Good ğŸ‘,5,2025-08-05,Dashen,google_play
Dashen Bank super app is the best app,5,2025-08-05,Dashen,google_play
would most likely rate it even less but it does have it's perks. But for the most part the whole app is filled with bugs and it stops being responsive almost everytime. Besides some new features and the new UI design I most definitely prefer the old amole Version. either fix this mess or bring back Amole,2,2025-08-01,Dashen,google_play
sometimes is not working to be honest,1,2025-08-01,Dashen,google_play
Why isn't this app working?,5,2025-07-29,Dashen,google_play
network error,5,2025-07-29,Dashen,google_play
fast,5,2025-07-29,Dashen,google_play
100 good,5,2025-07-29,Dashen,google_play
It stop working most of the time.,2,2025-07-28,Dashen,google_play
i were smothely using the app for the last 5 month but somehow its not working to now so what shall i do it becames like i can open the app even i can't open it if u have solution's pls help me kindly tnx,1,2025-07-28,Dashen,google_play
Best app,5,2025-07-25,Dashen,google_play
"Simple for usage and well designed, attractive in its visual design, ""Always One Step Ahead""",5,2025-07-24,Dashen,google_play
amazing product,5,2025-07-23,Dashen,google_play
"this app is not good and compatible with other Ethiopian bank apps, it is not fast, is stacks sometimes ,even some days it stops working at all.",1,2025-07-23,Dashen,google_play
like it,5,2025-07-22,Dashen,google_play
Great always one step ahead and most reliable bank,5,2025-07-22,Dashen,google_play
u need to start cash out service,4,2025-07-22,Dashen,google_play
all in one super app,5,2025-07-21,Dashen,google_play
Fayla,5,2025-07-20,Dashen,google_play
"The app even in its' first phase is too far one step booster that enables a user to perform a seamless Banking service with multi step security features at his/her comfort zone. It really assured that Dashen Bank is living the Logo ""ALWAYS ONE STEP AHEAD""",5,2025-07-20,Dashen,google_play
á‹­áˆ„ App á‹°áˆµ á‹­áˆ‹áˆ áˆáˆ‹á‰½áˆáˆ áŠ á‹áˆ­á‹±á‰µ áŠ¥áˆ‹áˆˆáˆğŸ¤­,5,2025-07-19,Dashen,google_play
"Best App .. Good job, Dashen Bank",5,2025-07-16,Dashen,google_play
good application,5,2025-07-15,Dashen,google_play
Excellent App ...,5,2025-07-15,Dashen,google_play
the worst app I have ever seen,1,2025-07-14,Dashen,google_play
very good compared to Amole!,5,2025-07-13,Dashen,google_play
"while it's very secure, it is very slower than other mobile banking apps. it is very lazy app!",2,2025-07-12,Dashen,google_play
ğŸ‘ğŸ˜ŠğŸ˜ŠğŸ˜Š,5,2025-07-12,Dashen,google_play
Great application,5,2025-07-12,Dashen,google_play
I am entreated app.,5,2025-07-09,Dashen,google_play
Cannot list the number of bugs with this pile of human waste. The absolute worst banking app I have ever used. 50 steps backwards. DO NOT RECOMMEND.,1,2025-07-02,Dashen,google_play
best app with best bank,5,2025-07-02,Dashen,google_play
alway slow loading,1,2025-06-30,Dashen,google_play
"worst app ever and by any chance your account is deactivated, you are doomed",1,2025-06-27,Dashen,google_play
Ethiopian amazing`s Dashen BankğŸ¤ğŸ‘Œ,3,2025-06-25,Dashen,google_play
"It's an unpredictable app, I can't make transactions, and now I can't even get the OTP! So it's going from bad to worse! Thank goodness the Amole Dashen app still exists.",1,2025-06-25,Dashen,google_play
nice app but limit up to max 600000,5,2025-06-24,Dashen,google_play
Super,5,2025-06-21,Dashen,google_play
"I would be happy if I got a withdraw system in the application. Otherwise, everything is fine for me",4,2025-06-18,Dashen,google_play
nice app but transaction limet not enough,5,2025-06-17,Dashen,google_play
"It's an amazing application to use bank transactions in Ethiopia and it's so friendly btw, but need to ck that account link when we lost our mobile it's ver difficult to link up for the next one pls ck",5,2025-06-14,Dashen,google_play
incredible,5,2025-06-14,Dashen,google_play
Dashen Bank My ChoiceğŸ‡ªğŸ‡¹âœŒï¸ğŸ’«,4,2025-06-13,Dashen,google_play
very simple and user friendly app Thank you Dashen Bank,5,2025-06-12,Dashen,google_play
very good .,5,2025-06-09,Dashen,google_play
I like this mobile banking app very much. Overall user interface and navigation is awesome. But it lacks instant response when someone deposit or withdraw money.,2,2025-06-07,Dashen,google_play
love,3,2025-06-06,Dashen,google_play
áˆ˜á‰¸áˆ¸áŒ ,5,2025-06-03,Dashen,google_play
gadaa,5,2025-06-01,Dashen,google_play
Massive upgrade from the Amole app.,5,2025-05-31,Dashen,google_play
very good for this app,5,2025-05-31,Dashen,google_play
top,5,2025-05-31,Dashen,google_play
this app better than Amole . but the biometric on new update doesn't work,4,2025-05-31,Dashen,google_play
Wow,5,2025-05-30,Dashen,google_play
wow to it saff and this app,5,2025-05-30,Dashen,google_play
it too slow,3,2025-05-29,Dashen,google_play
á‹³áˆ½áŠ• á‰£áŠ•áŠ­ á‹­áˆˆá‹«áˆ,4,2025-05-28,Dashen,google_play
ğŸ‘ğŸ‘ğŸ‘,5,2025-05-28,Dashen,google_play
nice application,5,2025-05-27,Dashen,google_play
useless app ever loading take long,1,2025-05-27,Dashen,google_play
"Game changer app! Dashen Bank Super App is fast, secure, and easy to use. The three-click payment makes sending money super quick, and the QR code payment is perfect for cashless shopping. I also love the biometric login and easy airtime and bill payments. Everything I need is in one place. Dashen Bank has really raised the bar for digital banking in Ethiopia. Highly recommended!",5,2025-05-26,Dashen,google_play
very useful App,1,2025-05-26,Dashen,google_play
"Simple, robust features? Yes, please! But the endless loading screen killed the funâ€”I couldnâ€™t use it for days. Fix the glitch, and Iâ€™ll yeet a higher rating!",2,2025-05-26,Dashen,google_play
Wawww,5,2025-05-24,Dashen,google_play
very Nice,5,2025-05-23,Dashen,google_play
its best,5,2025-05-23,Dashen,google_play
it is not as good as to the other mobile bank app.,1,2025-05-22,Dashen,google_play
"The best of best is now arrived **Empowering Your Financial Freedom** ""Experience seamless banking at your fingertips with Dashen Bank. Empowering your financial freedom, anytime, anywhere!"" **Innovation Meets Convenience** ""Dashen Bank Mobile Banking: Where innovation meets convenience. **Secure and Reliable** ""Bank with confidence",5,2025-05-22,Dashen,google_play
Nothing is changed in the updated version. You have been collecting comments but where is the feed back you improved in this version. superapp is mot functioning today.,4,2025-05-20,Dashen,google_play
The best app ever in finance sector,5,2025-05-18,Dashen,google_play
Its good app than other compitators but it confuse when we transfer it needs OTP and PIN most user inter their pin instead of OTP we know the litrecy level of our society so if it is device based i dont know the needs of OTP so please try to fix,3,2025-05-18,Dashen,google_play
dashen bank or dashen super app?,1,2025-05-17,Dashen,google_play
wowwwe app,5,2025-05-17,Dashen,google_play
"Transferring to other bank accounts is a hastle and inconvenient .Get used to seeing "" please try again """,2,2025-05-17,Dashen,google_play
always lagging,1,2025-05-16,Dashen,google_play
Amazing Application...,5,2025-05-16,Dashen,google_play
Fantastic,5,2025-05-16,Dashen,google_play
"Dashen bank app is very good, but sometimes it is not working well",5,2025-05-15,Dashen,google_play
its my choice,5,2025-05-15,Dashen,google_play
wow apo,5,2025-05-15,Dashen,google_play
awesome app keep going,5,2025-05-14,Dashen,google_play
"It grows ethiopian digital banking step ahead.All fetures in one,simple fast and convince.",5,2025-05-14,Dashen,google_play
Game changer,5,2025-05-13,Dashen,google_play
Totally amazing,5,2025-05-13,Dashen,google_play
super ğŸ˜,5,2025-05-13,Dashen,google_play
what a helpful app!!!!,5,2025-05-13,Dashen,google_play
"To be honest, best banking and lifestyle app in Ethiopia.",5,2025-05-12,Dashen,google_play
"A must have, seamless, all in one digital platform ""DB Superapp""! Keep living your motto ""Always one step ahead""",5,2025-05-12,Dashen,google_play
Amazing app super easy to use and best design. loved it.,5,2025-05-09,Dashen,google_play
its the best ever,5,2025-05-09,Dashen,google_play
excellent game changer App,5,2025-05-08,Dashen,google_play
